,index,QoS,QoA,QoD,delay,delay_comm,delay_comp
0,0,0.7590802524182292,0.56522,0.9529405048364583,1.41178485490625,0.2,1.21178485490625
1,1,0.6810010499151041,0.77138,0.5906220998302083,12.28133700509375,0.2,12.08133700509375
2,2,0.7882100293807291,0.69778,0.8786400587614583,3.64079823715625,0.2,3.4407982371562498
3,3,0.7590802524182292,0.56522,0.9529405048364583,1.41178485490625,0.2,1.21178485490625
4,4,0.6810010499151041,0.77138,0.5906220998302083,12.28133700509375,0.2,12.08133700509375
5,5,0.7882100293807291,0.69778,0.8786400587614583,3.64079823715625,0.2,3.4407982371562498
6,6,0.7590802524182292,0.56522,0.9529405048364583,1.41178485490625,0.2,1.21178485490625
7,7,0.6810010499151041,0.77138,0.5906220998302083,12.28133700509375,0.2,12.08133700509375
8,8,0.7882100293807291,0.69778,0.8786400587614583,3.64079823715625,0.2,3.4407982371562498
9,9,0.7590802524182292,0.56522,0.9529405048364583,1.41178485490625,0.2,1.21178485490625
10,10,0.6810010499151041,0.77138,0.5906220998302083,12.28133700509375,0.2,12.08133700509375
11,11,0.7882100293807291,0.69778,0.8786400587614583,3.64079823715625,0.2,3.4407982371562498
12,12,0.7590802524182292,0.56522,0.9529405048364583,1.41178485490625,0.2,1.21178485490625
13,13,0.6810010499151041,0.77138,0.5906220998302083,12.28133700509375,0.2,12.08133700509375
14,14,0.7882100293807291,0.69778,0.8786400587614583,3.64079823715625,0.2,3.4407982371562498
15,15,0.7590802524182292,0.56522,0.9529405048364583,1.41178485490625,0.2,1.21178485490625
16,16,0.6810010499151041,0.77138,0.5906220998302083,12.28133700509375,0.2,12.08133700509375
17,17,0.7882100293807291,0.69778,0.8786400587614583,3.64079823715625,0.2,3.4407982371562498
18,18,0.7590802524182292,0.56522,0.9529405048364583,1.41178485490625,0.2,1.21178485490625
19,19,0.6810010499151041,0.77138,0.5906220998302083,12.28133700509375,0.2,12.08133700509375
20,20,0.7882100293807291,0.69778,0.8786400587614583,3.64079823715625,0.2,3.4407982371562498
21,21,0.7590802524182292,0.56522,0.9529405048364583,1.41178485490625,0.2,1.21178485490625
22,22,0.6810010499151041,0.77138,0.5906220998302083,12.28133700509375,0.2,12.08133700509375
23,23,0.7882100293807291,0.69778,0.8786400587614583,3.64079823715625,0.2,3.4407982371562498
24,24,0.7590802524182292,0.56522,0.9529405048364583,1.41178485490625,0.2,1.21178485490625
25,25,0.6810010499151041,0.77138,0.5906220998302083,12.28133700509375,0.2,12.08133700509375
26,26,0.7882100293807291,0.69778,0.8786400587614583,3.64079823715625,0.2,3.4407982371562498
27,27,0.7590802524182292,0.56522,0.9529405048364583,1.41178485490625,0.2,1.21178485490625
28,28,0.6810010499151041,0.77138,0.5906220998302083,12.28133700509375,0.2,12.08133700509375
29,29,0.7882100293807291,0.69778,0.8786400587614583,3.64079823715625,0.2,3.4407982371562498
30,30,0.9764702524182292,1.0,0.9529405048364583,1.41178485490625,0.2,1.21178485490625
31,31,0.7953110499151042,1.0,0.5906220998302083,12.28133700509375,0.2,12.08133700509375
32,32,0.9393200293807291,1.0,0.8786400587614583,3.64079823715625,0.2,3.4407982371562498
33,33,0.9764702524182292,1.0,0.9529405048364583,1.41178485490625,0.2,1.21178485490625
34,34,0.7953110499151042,1.0,0.5906220998302083,12.28133700509375,0.2,12.08133700509375
35,35,0.9393200293807291,1.0,0.8786400587614583,3.64079823715625,0.2,3.4407982371562498
36,36,0.9764702524182292,1.0,0.9529405048364583,1.41178485490625,0.2,1.21178485490625
37,37,0.7953110499151042,1.0,0.5906220998302083,12.28133700509375,0.2,12.08133700509375
38,38,0.9393200293807291,1.0,0.8786400587614583,3.64079823715625,0.2,3.4407982371562498
39,39,0.9764702524182292,1.0,0.9529405048364583,1.41178485490625,0.2,1.21178485490625
40,40,0.7953110499151042,1.0,0.5906220998302083,12.28133700509375,0.2,12.08133700509375
41,41,0.9393200293807291,1.0,0.8786400587614583,3.64079823715625,0.2,3.4407982371562498
42,42,0.9764702524182292,1.0,0.9529405048364583,1.41178485490625,0.2,1.21178485490625
43,43,0.7953110499151042,1.0,0.5906220998302083,12.28133700509375,0.2,12.08133700509375
44,44,0.9393200293807291,1.0,0.8786400587614583,3.64079823715625,0.2,3.4407982371562498
45,45,0.9764702524182292,1.0,0.9529405048364583,1.41178485490625,0.2,1.21178485490625
46,46,0.7953110499151042,1.0,0.5906220998302083,12.28133700509375,0.2,12.08133700509375
47,47,0.9393200293807291,1.0,0.8786400587614583,3.64079823715625,0.2,3.4407982371562498
48,48,0.9764702524182292,1.0,0.9529405048364583,1.41178485490625,0.2,1.21178485490625
49,49,0.7953110499151042,1.0,0.5906220998302083,12.28133700509375,0.2,12.08133700509375
50,50,0.9393200293807291,1.0,0.8786400587614583,3.64079823715625,0.2,3.4407982371562498
51,51,0.9764702524182292,1.0,0.9529405048364583,1.41178485490625,0.2,1.21178485490625
52,52,0.7953110499151042,1.0,0.5906220998302083,12.28133700509375,0.2,12.08133700509375
53,53,0.9393200293807291,1.0,0.8786400587614583,3.64079823715625,0.2,3.4407982371562498
54,54,0.9764702524182292,1.0,0.9529405048364583,1.41178485490625,0.2,1.21178485490625
55,55,0.7953110499151042,1.0,0.5906220998302083,12.28133700509375,0.2,12.08133700509375
56,56,0.9393200293807291,1.0,0.8786400587614583,3.64079823715625,0.2,3.4407982371562498
57,57,0.9764702524182292,1.0,0.9529405048364583,1.41178485490625,0.2,1.21178485490625
58,58,0.7953110499151042,1.0,0.5906220998302083,12.28133700509375,0.2,12.08133700509375
59,59,0.9393200293807291,1.0,0.8786400587614583,3.64079823715625,0.2,3.4407982371562498
60,60,0.7590802524182292,0.56522,0.9529405048364583,1.41178485490625,0.2,1.21178485490625
61,61,0.6810010499151041,0.77138,0.5906220998302083,12.28133700509375,0.2,12.08133700509375
62,62,0.7882100293807291,0.69778,0.8786400587614583,3.64079823715625,0.2,3.4407982371562498
63,63,0.7590802524182292,0.56522,0.9529405048364583,1.41178485490625,0.2,1.21178485490625
64,64,0.6810010499151041,0.77138,0.5906220998302083,12.28133700509375,0.2,12.08133700509375
65,65,0.7882100293807291,0.69778,0.8786400587614583,3.64079823715625,0.2,3.4407982371562498
66,66,0.7590802524182292,0.56522,0.9529405048364583,1.41178485490625,0.2,1.21178485490625
67,67,0.6810010499151041,0.77138,0.5906220998302083,12.28133700509375,0.2,12.08133700509375
68,68,0.7882100293807291,0.69778,0.8786400587614583,3.64079823715625,0.2,3.4407982371562498
69,69,0.7590802524182292,0.56522,0.9529405048364583,1.41178485490625,0.2,1.21178485490625
70,70,0.6810010499151041,0.77138,0.5906220998302083,12.28133700509375,0.2,12.08133700509375
71,71,0.7882100293807291,0.69778,0.8786400587614583,3.64079823715625,0.2,3.4407982371562498
72,72,0.7590802524182292,0.56522,0.9529405048364583,1.41178485490625,0.2,1.21178485490625
73,73,0.6810010499151041,0.77138,0.5906220998302083,12.28133700509375,0.2,12.08133700509375
74,74,0.7882100293807291,0.69778,0.8786400587614583,3.64079823715625,0.2,3.4407982371562498
75,75,0.7590802524182292,0.56522,0.9529405048364583,1.41178485490625,0.2,1.21178485490625
76,76,0.6810010499151041,0.77138,0.5906220998302083,12.28133700509375,0.2,12.08133700509375
77,77,0.7882100293807291,0.69778,0.8786400587614583,3.64079823715625,0.2,3.4407982371562498
78,78,0.7590802524182292,0.56522,0.9529405048364583,1.41178485490625,0.2,1.21178485490625
79,79,0.6810010499151041,0.77138,0.5906220998302083,12.28133700509375,0.2,12.08133700509375
80,80,0.7882100293807291,0.69778,0.8786400587614583,3.64079823715625,0.2,3.4407982371562498
81,81,0.7590802524182292,0.56522,0.9529405048364583,1.41178485490625,0.2,1.21178485490625
82,82,0.6810010499151041,0.77138,0.5906220998302083,12.28133700509375,0.2,12.08133700509375
83,83,0.7882100293807291,0.69778,0.8786400587614583,3.64079823715625,0.2,3.4407982371562498
84,84,0.7590802524182292,0.56522,0.9529405048364583,1.41178485490625,0.2,1.21178485490625
85,85,0.6810010499151041,0.77138,0.5906220998302083,12.28133700509375,0.2,12.08133700509375
86,86,0.7882100293807291,0.69778,0.8786400587614583,3.64079823715625,0.2,3.4407982371562498
87,87,0.7590802524182292,0.56522,0.9529405048364583,1.41178485490625,0.2,1.21178485490625
88,88,0.6810010499151041,0.77138,0.5906220998302083,12.28133700509375,0.2,12.08133700509375
89,89,0.7882100293807291,0.69778,0.8786400587614583,3.64079823715625,0.2,3.4407982371562498
90,0,0.7590802524182292,0.56522,0.9529405048364583,1.41178485490625,0.2,1.21178485490625
91,1,0.6810010499151041,0.77138,0.5906220998302083,12.28133700509375,0.2,12.08133700509375
92,2,0.7882100293807291,0.69778,0.8786400587614583,3.64079823715625,0.2,3.4407982371562498
93,3,0.7590802524182292,0.56522,0.9529405048364583,1.41178485490625,0.2,1.21178485490625
94,4,0.6810010499151041,0.77138,0.5906220998302083,12.28133700509375,0.2,12.08133700509375
95,5,0.7882100293807291,0.69778,0.8786400587614583,3.64079823715625,0.2,3.4407982371562498
96,6,0.7590802524182292,0.56522,0.9529405048364583,1.41178485490625,0.2,1.21178485490625
97,7,0.6810010499151041,0.77138,0.5906220998302083,12.28133700509375,0.2,12.08133700509375
98,8,0.7882100293807291,0.69778,0.8786400587614583,3.64079823715625,0.2,3.4407982371562498
99,9,0.7590802524182292,0.56522,0.9529405048364583,1.41178485490625,0.2,1.21178485490625
100,10,0.6810010499151041,0.77138,0.5906220998302083,12.28133700509375,0.2,12.08133700509375
101,11,0.7882100293807291,0.69778,0.8786400587614583,3.64079823715625,0.2,3.4407982371562498
102,12,0.7590802524182292,0.56522,0.9529405048364583,1.41178485490625,0.2,1.21178485490625
103,13,0.6810010499151041,0.77138,0.5906220998302083,12.28133700509375,0.2,12.08133700509375
104,14,0.7882100293807291,0.69778,0.8786400587614583,3.64079823715625,0.2,3.4407982371562498
105,15,0.7590802524182292,0.56522,0.9529405048364583,1.41178485490625,0.2,1.21178485490625
106,16,0.6810010499151041,0.77138,0.5906220998302083,12.28133700509375,0.2,12.08133700509375
107,17,0.7882100293807291,0.69778,0.8786400587614583,3.64079823715625,0.2,3.4407982371562498
108,18,0.7590802524182292,0.56522,0.9529405048364583,1.41178485490625,0.2,1.21178485490625
109,19,0.6810010499151041,0.77138,0.5906220998302083,12.28133700509375,0.2,12.08133700509375
110,20,0.7882100293807291,0.69778,0.8786400587614583,3.64079823715625,0.2,3.4407982371562498
111,21,0.7590802524182292,0.56522,0.9529405048364583,1.41178485490625,0.2,1.21178485490625
112,22,0.6810010499151041,0.77138,0.5906220998302083,12.28133700509375,0.2,12.08133700509375
113,23,0.7882100293807291,0.69778,0.8786400587614583,3.64079823715625,0.2,3.4407982371562498
114,24,0.7590802524182292,0.56522,0.9529405048364583,1.41178485490625,0.2,1.21178485490625
115,25,0.6810010499151041,0.77138,0.5906220998302083,12.28133700509375,0.2,12.08133700509375
116,26,0.7882100293807291,0.69778,0.8786400587614583,3.64079823715625,0.2,3.4407982371562498
117,27,0.7590802524182292,0.56522,0.9529405048364583,1.41178485490625,0.2,1.21178485490625
118,28,0.6810010499151041,0.77138,0.5906220998302083,12.28133700509375,0.2,12.08133700509375
119,29,0.7882100293807291,0.69778,0.8786400587614583,3.64079823715625,0.2,3.4407982371562498
120,30,0.9764702524182292,1.0,0.9529405048364583,1.41178485490625,0.2,1.21178485490625
121,31,0.7953110499151042,1.0,0.5906220998302083,12.28133700509375,0.2,12.08133700509375
122,32,0.9393200293807291,1.0,0.8786400587614583,3.64079823715625,0.2,3.4407982371562498
123,33,0.9764702524182292,1.0,0.9529405048364583,1.41178485490625,0.2,1.21178485490625
124,34,0.7953110499151042,1.0,0.5906220998302083,12.28133700509375,0.2,12.08133700509375
125,35,0.9393200293807291,1.0,0.8786400587614583,3.64079823715625,0.2,3.4407982371562498
126,36,0.9764702524182292,1.0,0.9529405048364583,1.41178485490625,0.2,1.21178485490625
127,37,0.7953110499151042,1.0,0.5906220998302083,12.28133700509375,0.2,12.08133700509375
128,38,0.9393200293807291,1.0,0.8786400587614583,3.64079823715625,0.2,3.4407982371562498
129,39,0.9764702524182292,1.0,0.9529405048364583,1.41178485490625,0.2,1.21178485490625
130,40,0.7953110499151042,1.0,0.5906220998302083,12.28133700509375,0.2,12.08133700509375
131,41,0.9393200293807291,1.0,0.8786400587614583,3.64079823715625,0.2,3.4407982371562498
132,42,0.9764702524182292,1.0,0.9529405048364583,1.41178485490625,0.2,1.21178485490625
133,43,0.7953110499151042,1.0,0.5906220998302083,12.28133700509375,0.2,12.08133700509375
134,44,0.9393200293807291,1.0,0.8786400587614583,3.64079823715625,0.2,3.4407982371562498
135,45,0.9764702524182292,1.0,0.9529405048364583,1.41178485490625,0.2,1.21178485490625
136,46,0.7953110499151042,1.0,0.5906220998302083,12.28133700509375,0.2,12.08133700509375
137,47,0.9393200293807291,1.0,0.8786400587614583,3.64079823715625,0.2,3.4407982371562498
138,48,0.9764702524182292,1.0,0.9529405048364583,1.41178485490625,0.2,1.21178485490625
139,49,0.7953110499151042,1.0,0.5906220998302083,12.28133700509375,0.2,12.08133700509375
140,50,0.9393200293807291,1.0,0.8786400587614583,3.64079823715625,0.2,3.4407982371562498
141,51,0.9764702524182292,1.0,0.9529405048364583,1.41178485490625,0.2,1.21178485490625
142,52,0.7953110499151042,1.0,0.5906220998302083,12.28133700509375,0.2,12.08133700509375
143,53,0.9393200293807291,1.0,0.8786400587614583,3.64079823715625,0.2,3.4407982371562498
144,54,0.9764702524182292,1.0,0.9529405048364583,1.41178485490625,0.2,1.21178485490625
145,55,0.7953110499151042,1.0,0.5906220998302083,12.28133700509375,0.2,12.08133700509375
146,56,0.9393200293807291,1.0,0.8786400587614583,3.64079823715625,0.2,3.4407982371562498
147,57,0.9764702524182292,1.0,0.9529405048364583,1.41178485490625,0.2,1.21178485490625
148,58,0.7953110499151042,1.0,0.5906220998302083,12.28133700509375,0.2,12.08133700509375
149,59,0.9393200293807291,1.0,0.8786400587614583,3.64079823715625,0.2,3.4407982371562498
150,60,0.7590802524182292,0.56522,0.9529405048364583,1.41178485490625,0.2,1.21178485490625
151,61,0.6810010499151041,0.77138,0.5906220998302083,12.28133700509375,0.2,12.08133700509375
152,62,0.7882100293807291,0.69778,0.8786400587614583,3.64079823715625,0.2,3.4407982371562498
153,63,0.7590802524182292,0.56522,0.9529405048364583,1.41178485490625,0.2,1.21178485490625
154,64,0.6810010499151041,0.77138,0.5906220998302083,12.28133700509375,0.2,12.08133700509375
155,65,0.7882100293807291,0.69778,0.8786400587614583,3.64079823715625,0.2,3.4407982371562498
156,66,0.7590802524182292,0.56522,0.9529405048364583,1.41178485490625,0.2,1.21178485490625
157,67,0.6810010499151041,0.77138,0.5906220998302083,12.28133700509375,0.2,12.08133700509375
158,68,0.7882100293807291,0.69778,0.8786400587614583,3.64079823715625,0.2,3.4407982371562498
159,69,0.7590802524182292,0.56522,0.9529405048364583,1.41178485490625,0.2,1.21178485490625
160,70,0.6810010499151041,0.77138,0.5906220998302083,12.28133700509375,0.2,12.08133700509375
161,71,0.7882100293807291,0.69778,0.8786400587614583,3.64079823715625,0.2,3.4407982371562498
162,72,0.7590802524182292,0.56522,0.9529405048364583,1.41178485490625,0.2,1.21178485490625
163,73,0.6810010499151041,0.77138,0.5906220998302083,12.28133700509375,0.2,12.08133700509375
164,74,0.7882100293807291,0.69778,0.8786400587614583,3.64079823715625,0.2,3.4407982371562498
165,75,0.7590802524182292,0.56522,0.9529405048364583,1.41178485490625,0.2,1.21178485490625
166,76,0.6810010499151041,0.77138,0.5906220998302083,12.28133700509375,0.2,12.08133700509375
167,77,0.7882100293807291,0.69778,0.8786400587614583,3.64079823715625,0.2,3.4407982371562498
168,78,0.7590802524182292,0.56522,0.9529405048364583,1.41178485490625,0.2,1.21178485490625
169,79,0.6810010499151041,0.77138,0.5906220998302083,12.28133700509375,0.2,12.08133700509375
170,80,0.7882100293807291,0.69778,0.8786400587614583,3.64079823715625,0.2,3.4407982371562498
171,81,0.7590802524182292,0.56522,0.9529405048364583,1.41178485490625,0.2,1.21178485490625
172,82,0.6810010499151041,0.77138,0.5906220998302083,12.28133700509375,0.2,12.08133700509375
173,83,0.7882100293807291,0.69778,0.8786400587614583,3.64079823715625,0.2,3.4407982371562498
174,84,0.7590802524182292,0.56522,0.9529405048364583,1.41178485490625,0.2,1.21178485490625
175,85,0.6810010499151041,0.77138,0.5906220998302083,12.28133700509375,0.2,12.08133700509375
176,86,0.7882100293807291,0.69778,0.8786400587614583,3.64079823715625,0.2,3.4407982371562498
177,87,0.7590802524182292,0.56522,0.9529405048364583,1.41178485490625,0.2,1.21178485490625
178,88,0.6810010499151041,0.77138,0.5906220998302083,12.28133700509375,0.2,12.08133700509375
179,89,0.7882100293807291,0.69778,0.8786400587614583,3.64079823715625,0.2,3.4407982371562498
180,0,0.7590802524182292,0.56522,0.9529405048364583,1.41178485490625,0.2,1.21178485490625
181,1,0.6810010499151041,0.77138,0.5906220998302083,12.28133700509375,0.2,12.08133700509375
182,2,0.7882100293807291,0.69778,0.8786400587614583,3.64079823715625,0.2,3.4407982371562498
183,3,0.7590802524182292,0.56522,0.9529405048364583,1.41178485490625,0.2,1.21178485490625
184,4,0.6810010499151041,0.77138,0.5906220998302083,12.28133700509375,0.2,12.08133700509375
185,5,0.7882100293807291,0.69778,0.8786400587614583,3.64079823715625,0.2,3.4407982371562498
186,6,0.7590802524182292,0.56522,0.9529405048364583,1.41178485490625,0.2,1.21178485490625
187,7,0.6810010499151041,0.77138,0.5906220998302083,12.28133700509375,0.2,12.08133700509375
188,8,0.7882100293807291,0.69778,0.8786400587614583,3.64079823715625,0.2,3.4407982371562498
189,9,0.7590802524182292,0.56522,0.9529405048364583,1.41178485490625,0.2,1.21178485490625
190,10,0.6810010499151041,0.77138,0.5906220998302083,12.28133700509375,0.2,12.08133700509375
191,11,0.7882100293807291,0.69778,0.8786400587614583,3.64079823715625,0.2,3.4407982371562498
192,12,0.7590802524182292,0.56522,0.9529405048364583,1.41178485490625,0.2,1.21178485490625
193,13,0.6810010499151041,0.77138,0.5906220998302083,12.28133700509375,0.2,12.08133700509375
194,14,0.7882100293807291,0.69778,0.8786400587614583,3.64079823715625,0.2,3.4407982371562498
195,15,0.7590802524182292,0.56522,0.9529405048364583,1.41178485490625,0.2,1.21178485490625
196,16,0.6810010499151041,0.77138,0.5906220998302083,12.28133700509375,0.2,12.08133700509375
197,17,0.7882100293807291,0.69778,0.8786400587614583,3.64079823715625,0.2,3.4407982371562498
198,18,0.7590802524182292,0.56522,0.9529405048364583,1.41178485490625,0.2,1.21178485490625
199,19,0.6810010499151041,0.77138,0.5906220998302083,12.28133700509375,0.2,12.08133700509375
200,20,0.7882100293807291,0.69778,0.8786400587614583,3.64079823715625,0.2,3.4407982371562498
201,21,0.7590802524182292,0.56522,0.9529405048364583,1.41178485490625,0.2,1.21178485490625
202,22,0.6810010499151041,0.77138,0.5906220998302083,12.28133700509375,0.2,12.08133700509375
203,23,0.7882100293807291,0.69778,0.8786400587614583,3.64079823715625,0.2,3.4407982371562498
204,24,0.7590802524182292,0.56522,0.9529405048364583,1.41178485490625,0.2,1.21178485490625
205,25,0.6810010499151041,0.77138,0.5906220998302083,12.28133700509375,0.2,12.08133700509375
206,26,0.7882100293807291,0.69778,0.8786400587614583,3.64079823715625,0.2,3.4407982371562498
207,27,0.7590802524182292,0.56522,0.9529405048364583,1.41178485490625,0.2,1.21178485490625
208,28,0.6810010499151041,0.77138,0.5906220998302083,12.28133700509375,0.2,12.08133700509375
209,29,0.7882100293807291,0.69778,0.8786400587614583,3.64079823715625,0.2,3.4407982371562498
210,30,0.9764702524182292,1.0,0.9529405048364583,1.41178485490625,0.2,1.21178485490625
211,31,0.7953110499151042,1.0,0.5906220998302083,12.28133700509375,0.2,12.08133700509375
212,32,0.9393200293807291,1.0,0.8786400587614583,3.64079823715625,0.2,3.4407982371562498
213,33,0.9764702524182292,1.0,0.9529405048364583,1.41178485490625,0.2,1.21178485490625
214,34,0.7953110499151042,1.0,0.5906220998302083,12.28133700509375,0.2,12.08133700509375
215,35,0.9393200293807291,1.0,0.8786400587614583,3.64079823715625,0.2,3.4407982371562498
216,36,0.9764702524182292,1.0,0.9529405048364583,1.41178485490625,0.2,1.21178485490625
217,37,0.7953110499151042,1.0,0.5906220998302083,12.28133700509375,0.2,12.08133700509375
218,38,0.9393200293807291,1.0,0.8786400587614583,3.64079823715625,0.2,3.4407982371562498
219,39,0.9764702524182292,1.0,0.9529405048364583,1.41178485490625,0.2,1.21178485490625
220,40,0.7953110499151042,1.0,0.5906220998302083,12.28133700509375,0.2,12.08133700509375
221,41,0.9393200293807291,1.0,0.8786400587614583,3.64079823715625,0.2,3.4407982371562498
222,42,0.9764702524182292,1.0,0.9529405048364583,1.41178485490625,0.2,1.21178485490625
223,43,0.7953110499151042,1.0,0.5906220998302083,12.28133700509375,0.2,12.08133700509375
224,44,0.9393200293807291,1.0,0.8786400587614583,3.64079823715625,0.2,3.4407982371562498
225,45,0.9764702524182292,1.0,0.9529405048364583,1.41178485490625,0.2,1.21178485490625
226,46,0.7953110499151042,1.0,0.5906220998302083,12.28133700509375,0.2,12.08133700509375
227,47,0.9393200293807291,1.0,0.8786400587614583,3.64079823715625,0.2,3.4407982371562498
228,48,0.9764702524182292,1.0,0.9529405048364583,1.41178485490625,0.2,1.21178485490625
229,49,0.7953110499151042,1.0,0.5906220998302083,12.28133700509375,0.2,12.08133700509375
230,50,0.9393200293807291,1.0,0.8786400587614583,3.64079823715625,0.2,3.4407982371562498
231,51,0.9764702524182292,1.0,0.9529405048364583,1.41178485490625,0.2,1.21178485490625
232,52,0.7953110499151042,1.0,0.5906220998302083,12.28133700509375,0.2,12.08133700509375
233,53,0.9393200293807291,1.0,0.8786400587614583,3.64079823715625,0.2,3.4407982371562498
234,54,0.9764702524182292,1.0,0.9529405048364583,1.41178485490625,0.2,1.21178485490625
235,55,0.7953110499151042,1.0,0.5906220998302083,12.28133700509375,0.2,12.08133700509375
236,56,0.9393200293807291,1.0,0.8786400587614583,3.64079823715625,0.2,3.4407982371562498
237,57,0.9764702524182292,1.0,0.9529405048364583,1.41178485490625,0.2,1.21178485490625
238,58,0.7953110499151042,1.0,0.5906220998302083,12.28133700509375,0.2,12.08133700509375
239,59,0.9393200293807291,1.0,0.8786400587614583,3.64079823715625,0.2,3.4407982371562498
240,60,0.7590802524182292,0.56522,0.9529405048364583,1.41178485490625,0.2,1.21178485490625
241,61,0.6810010499151041,0.77138,0.5906220998302083,12.28133700509375,0.2,12.08133700509375
242,62,0.7882100293807291,0.69778,0.8786400587614583,3.64079823715625,0.2,3.4407982371562498
243,63,0.7590802524182292,0.56522,0.9529405048364583,1.41178485490625,0.2,1.21178485490625
244,64,0.6810010499151041,0.77138,0.5906220998302083,12.28133700509375,0.2,12.08133700509375
245,65,0.7882100293807291,0.69778,0.8786400587614583,3.64079823715625,0.2,3.4407982371562498
246,66,0.7590802524182292,0.56522,0.9529405048364583,1.41178485490625,0.2,1.21178485490625
247,67,0.6810010499151041,0.77138,0.5906220998302083,12.28133700509375,0.2,12.08133700509375
248,68,0.7882100293807291,0.69778,0.8786400587614583,3.64079823715625,0.2,3.4407982371562498
249,69,0.7590802524182292,0.56522,0.9529405048364583,1.41178485490625,0.2,1.21178485490625
250,70,0.6810010499151041,0.77138,0.5906220998302083,12.28133700509375,0.2,12.08133700509375
251,71,0.7882100293807291,0.69778,0.8786400587614583,3.64079823715625,0.2,3.4407982371562498
252,72,0.7590802524182292,0.56522,0.9529405048364583,1.41178485490625,0.2,1.21178485490625
253,73,0.6810010499151041,0.77138,0.5906220998302083,12.28133700509375,0.2,12.08133700509375
254,74,0.7882100293807291,0.69778,0.8786400587614583,3.64079823715625,0.2,3.4407982371562498
255,75,0.7590802524182292,0.56522,0.9529405048364583,1.41178485490625,0.2,1.21178485490625
256,76,0.6810010499151041,0.77138,0.5906220998302083,12.28133700509375,0.2,12.08133700509375
257,77,0.7882100293807291,0.69778,0.8786400587614583,3.64079823715625,0.2,3.4407982371562498
258,78,0.7590802524182292,0.56522,0.9529405048364583,1.41178485490625,0.2,1.21178485490625
259,79,0.6810010499151041,0.77138,0.5906220998302083,12.28133700509375,0.2,12.08133700509375
260,80,0.7882100293807291,0.69778,0.8786400587614583,3.64079823715625,0.2,3.4407982371562498
261,81,0.7590802524182292,0.56522,0.9529405048364583,1.41178485490625,0.2,1.21178485490625
262,82,0.6810010499151041,0.77138,0.5906220998302083,12.28133700509375,0.2,12.08133700509375
263,83,0.7882100293807291,0.69778,0.8786400587614583,3.64079823715625,0.2,3.4407982371562498
264,84,0.7590802524182292,0.56522,0.9529405048364583,1.41178485490625,0.2,1.21178485490625
265,85,0.6810010499151041,0.77138,0.5906220998302083,12.28133700509375,0.2,12.08133700509375
266,86,0.7882100293807291,0.69778,0.8786400587614583,3.64079823715625,0.2,3.4407982371562498
267,87,0.7590802524182292,0.56522,0.9529405048364583,1.41178485490625,0.2,1.21178485490625
268,88,0.6810010499151041,0.77138,0.5906220998302083,12.28133700509375,0.2,12.08133700509375
269,89,0.7882100293807291,0.69778,0.8786400587614583,3.64079823715625,0.2,3.4407982371562498
270,0,0.7590802524182292,0.56522,0.9529405048364583,1.41178485490625,0.2,1.21178485490625
271,1,0.6810010499151041,0.77138,0.5906220998302083,12.28133700509375,0.2,12.08133700509375
272,2,0.7882100293807291,0.69778,0.8786400587614583,3.64079823715625,0.2,3.4407982371562498
273,3,0.7590802524182292,0.56522,0.9529405048364583,1.41178485490625,0.2,1.21178485490625
274,4,0.6810010499151041,0.77138,0.5906220998302083,12.28133700509375,0.2,12.08133700509375
275,5,0.7882100293807291,0.69778,0.8786400587614583,3.64079823715625,0.2,3.4407982371562498
276,6,0.7590802524182292,0.56522,0.9529405048364583,1.41178485490625,0.2,1.21178485490625
277,7,0.6810010499151041,0.77138,0.5906220998302083,12.28133700509375,0.2,12.08133700509375
278,8,0.7882100293807291,0.69778,0.8786400587614583,3.64079823715625,0.2,3.4407982371562498
279,9,0.7590802524182292,0.56522,0.9529405048364583,1.41178485490625,0.2,1.21178485490625
280,10,0.6810010499151041,0.77138,0.5906220998302083,12.28133700509375,0.2,12.08133700509375
281,11,0.7882100293807291,0.69778,0.8786400587614583,3.64079823715625,0.2,3.4407982371562498
282,12,0.7590802524182292,0.56522,0.9529405048364583,1.41178485490625,0.2,1.21178485490625
283,13,0.6810010499151041,0.77138,0.5906220998302083,12.28133700509375,0.2,12.08133700509375
284,14,0.7882100293807291,0.69778,0.8786400587614583,3.64079823715625,0.2,3.4407982371562498
285,15,0.7590802524182292,0.56522,0.9529405048364583,1.41178485490625,0.2,1.21178485490625
286,16,0.6810010499151041,0.77138,0.5906220998302083,12.28133700509375,0.2,12.08133700509375
287,17,0.7882100293807291,0.69778,0.8786400587614583,3.64079823715625,0.2,3.4407982371562498
288,18,0.7590802524182292,0.56522,0.9529405048364583,1.41178485490625,0.2,1.21178485490625
289,19,0.6810010499151041,0.77138,0.5906220998302083,12.28133700509375,0.2,12.08133700509375
290,20,0.7882100293807291,0.69778,0.8786400587614583,3.64079823715625,0.2,3.4407982371562498
291,21,0.7590802524182292,0.56522,0.9529405048364583,1.41178485490625,0.2,1.21178485490625
292,22,0.6810010499151041,0.77138,0.5906220998302083,12.28133700509375,0.2,12.08133700509375
293,23,0.7882100293807291,0.69778,0.8786400587614583,3.64079823715625,0.2,3.4407982371562498
294,24,0.7590802524182292,0.56522,0.9529405048364583,1.41178485490625,0.2,1.21178485490625
295,25,0.6810010499151041,0.77138,0.5906220998302083,12.28133700509375,0.2,12.08133700509375
296,26,0.7882100293807291,0.69778,0.8786400587614583,3.64079823715625,0.2,3.4407982371562498
297,27,0.7590802524182292,0.56522,0.9529405048364583,1.41178485490625,0.2,1.21178485490625
298,28,0.6810010499151041,0.77138,0.5906220998302083,12.28133700509375,0.2,12.08133700509375
299,29,0.7882100293807291,0.69778,0.8786400587614583,3.64079823715625,0.2,3.4407982371562498
300,30,0.9764702524182292,1.0,0.9529405048364583,1.41178485490625,0.2,1.21178485490625
301,31,0.7953110499151042,1.0,0.5906220998302083,12.28133700509375,0.2,12.08133700509375
302,32,0.9393200293807291,1.0,0.8786400587614583,3.64079823715625,0.2,3.4407982371562498
303,33,0.9764702524182292,1.0,0.9529405048364583,1.41178485490625,0.2,1.21178485490625
304,34,0.7953110499151042,1.0,0.5906220998302083,12.28133700509375,0.2,12.08133700509375
305,35,0.9393200293807291,1.0,0.8786400587614583,3.64079823715625,0.2,3.4407982371562498
306,36,0.9764702524182292,1.0,0.9529405048364583,1.41178485490625,0.2,1.21178485490625
307,37,0.7953110499151042,1.0,0.5906220998302083,12.28133700509375,0.2,12.08133700509375
308,38,0.9393200293807291,1.0,0.8786400587614583,3.64079823715625,0.2,3.4407982371562498
309,39,0.9764702524182292,1.0,0.9529405048364583,1.41178485490625,0.2,1.21178485490625
310,40,0.7953110499151042,1.0,0.5906220998302083,12.28133700509375,0.2,12.08133700509375
311,41,0.9393200293807291,1.0,0.8786400587614583,3.64079823715625,0.2,3.4407982371562498
312,42,0.9764702524182292,1.0,0.9529405048364583,1.41178485490625,0.2,1.21178485490625
313,43,0.7953110499151042,1.0,0.5906220998302083,12.28133700509375,0.2,12.08133700509375
314,44,0.9393200293807291,1.0,0.8786400587614583,3.64079823715625,0.2,3.4407982371562498
315,45,0.9764702524182292,1.0,0.9529405048364583,1.41178485490625,0.2,1.21178485490625
316,46,0.7953110499151042,1.0,0.5906220998302083,12.28133700509375,0.2,12.08133700509375
317,47,0.9393200293807291,1.0,0.8786400587614583,3.64079823715625,0.2,3.4407982371562498
318,48,0.9764702524182292,1.0,0.9529405048364583,1.41178485490625,0.2,1.21178485490625
319,49,0.7953110499151042,1.0,0.5906220998302083,12.28133700509375,0.2,12.08133700509375
320,50,0.9393200293807291,1.0,0.8786400587614583,3.64079823715625,0.2,3.4407982371562498
321,51,0.9764702524182292,1.0,0.9529405048364583,1.41178485490625,0.2,1.21178485490625
322,52,0.7953110499151042,1.0,0.5906220998302083,12.28133700509375,0.2,12.08133700509375
323,53,0.9393200293807291,1.0,0.8786400587614583,3.64079823715625,0.2,3.4407982371562498
324,54,0.9764702524182292,1.0,0.9529405048364583,1.41178485490625,0.2,1.21178485490625
325,55,0.7953110499151042,1.0,0.5906220998302083,12.28133700509375,0.2,12.08133700509375
326,56,0.9393200293807291,1.0,0.8786400587614583,3.64079823715625,0.2,3.4407982371562498
327,57,0.9764702524182292,1.0,0.9529405048364583,1.41178485490625,0.2,1.21178485490625
328,58,0.7953110499151042,1.0,0.5906220998302083,12.28133700509375,0.2,12.08133700509375
329,59,0.9393200293807291,1.0,0.8786400587614583,3.64079823715625,0.2,3.4407982371562498
330,60,0.7590802524182292,0.56522,0.9529405048364583,1.41178485490625,0.2,1.21178485490625
331,61,0.6810010499151041,0.77138,0.5906220998302083,12.28133700509375,0.2,12.08133700509375
332,62,0.7882100293807291,0.69778,0.8786400587614583,3.64079823715625,0.2,3.4407982371562498
333,63,0.7590802524182292,0.56522,0.9529405048364583,1.41178485490625,0.2,1.21178485490625
334,64,0.6810010499151041,0.77138,0.5906220998302083,12.28133700509375,0.2,12.08133700509375
335,65,0.7882100293807291,0.69778,0.8786400587614583,3.64079823715625,0.2,3.4407982371562498
336,66,0.7590802524182292,0.56522,0.9529405048364583,1.41178485490625,0.2,1.21178485490625
337,67,0.6810010499151041,0.77138,0.5906220998302083,12.28133700509375,0.2,12.08133700509375
338,68,0.7882100293807291,0.69778,0.8786400587614583,3.64079823715625,0.2,3.4407982371562498
339,69,0.7590802524182292,0.56522,0.9529405048364583,1.41178485490625,0.2,1.21178485490625
340,70,0.6810010499151041,0.77138,0.5906220998302083,12.28133700509375,0.2,12.08133700509375
341,71,0.7882100293807291,0.69778,0.8786400587614583,3.64079823715625,0.2,3.4407982371562498
342,72,0.7590802524182292,0.56522,0.9529405048364583,1.41178485490625,0.2,1.21178485490625
343,73,0.6810010499151041,0.77138,0.5906220998302083,12.28133700509375,0.2,12.08133700509375
344,74,0.7882100293807291,0.69778,0.8786400587614583,3.64079823715625,0.2,3.4407982371562498
345,75,0.7590802524182292,0.56522,0.9529405048364583,1.41178485490625,0.2,1.21178485490625
346,76,0.6810010499151041,0.77138,0.5906220998302083,12.28133700509375,0.2,12.08133700509375
347,77,0.7882100293807291,0.69778,0.8786400587614583,3.64079823715625,0.2,3.4407982371562498
348,78,0.7590802524182292,0.56522,0.9529405048364583,1.41178485490625,0.2,1.21178485490625
349,79,0.6810010499151041,0.77138,0.5906220998302083,12.28133700509375,0.2,12.08133700509375
350,80,0.7882100293807291,0.69778,0.8786400587614583,3.64079823715625,0.2,3.4407982371562498
351,81,0.7590802524182292,0.56522,0.9529405048364583,1.41178485490625,0.2,1.21178485490625
352,82,0.6810010499151041,0.77138,0.5906220998302083,12.28133700509375,0.2,12.08133700509375
353,83,0.7882100293807291,0.69778,0.8786400587614583,3.64079823715625,0.2,3.4407982371562498
354,84,0.7590802524182292,0.56522,0.9529405048364583,1.41178485490625,0.2,1.21178485490625
355,85,0.6810010499151041,0.77138,0.5906220998302083,12.28133700509375,0.2,12.08133700509375
356,86,0.7882100293807291,0.69778,0.8786400587614583,3.64079823715625,0.2,3.4407982371562498
357,87,0.7590802524182292,0.56522,0.9529405048364583,1.41178485490625,0.2,1.21178485490625
358,88,0.6810010499151041,0.77138,0.5906220998302083,12.28133700509375,0.2,12.08133700509375
359,89,0.7882100293807291,0.69778,0.8786400587614583,3.64079823715625,0.2,3.4407982371562498
360,0,0.7590802524182292,0.56522,0.9529405048364583,1.41178485490625,0.2,1.21178485490625
361,1,0.6810010499151041,0.77138,0.5906220998302083,12.28133700509375,0.2,12.08133700509375
362,2,0.7882100293807291,0.69778,0.8786400587614583,3.64079823715625,0.2,3.4407982371562498
363,3,0.7590802524182292,0.56522,0.9529405048364583,1.41178485490625,0.2,1.21178485490625
364,4,0.6810010499151041,0.77138,0.5906220998302083,12.28133700509375,0.2,12.08133700509375
365,5,0.7882100293807291,0.69778,0.8786400587614583,3.64079823715625,0.2,3.4407982371562498
366,6,0.7590802524182292,0.56522,0.9529405048364583,1.41178485490625,0.2,1.21178485490625
367,7,0.6810010499151041,0.77138,0.5906220998302083,12.28133700509375,0.2,12.08133700509375
368,8,0.7882100293807291,0.69778,0.8786400587614583,3.64079823715625,0.2,3.4407982371562498
369,9,0.7590802524182292,0.56522,0.9529405048364583,1.41178485490625,0.2,1.21178485490625
370,10,0.6810010499151041,0.77138,0.5906220998302083,12.28133700509375,0.2,12.08133700509375
371,11,0.7882100293807291,0.69778,0.8786400587614583,3.64079823715625,0.2,3.4407982371562498
372,12,0.7590802524182292,0.56522,0.9529405048364583,1.41178485490625,0.2,1.21178485490625
373,13,0.6810010499151041,0.77138,0.5906220998302083,12.28133700509375,0.2,12.08133700509375
374,14,0.7882100293807291,0.69778,0.8786400587614583,3.64079823715625,0.2,3.4407982371562498
375,15,0.7590802524182292,0.56522,0.9529405048364583,1.41178485490625,0.2,1.21178485490625
376,16,0.6810010499151041,0.77138,0.5906220998302083,12.28133700509375,0.2,12.08133700509375
377,17,0.7882100293807291,0.69778,0.8786400587614583,3.64079823715625,0.2,3.4407982371562498
378,18,0.7590802524182292,0.56522,0.9529405048364583,1.41178485490625,0.2,1.21178485490625
379,19,0.6810010499151041,0.77138,0.5906220998302083,12.28133700509375,0.2,12.08133700509375
380,20,0.7882100293807291,0.69778,0.8786400587614583,3.64079823715625,0.2,3.4407982371562498
381,21,0.7590802524182292,0.56522,0.9529405048364583,1.41178485490625,0.2,1.21178485490625
382,22,0.6810010499151041,0.77138,0.5906220998302083,12.28133700509375,0.2,12.08133700509375
383,23,0.7882100293807291,0.69778,0.8786400587614583,3.64079823715625,0.2,3.4407982371562498
384,24,0.7590802524182292,0.56522,0.9529405048364583,1.41178485490625,0.2,1.21178485490625
385,25,0.6810010499151041,0.77138,0.5906220998302083,12.28133700509375,0.2,12.08133700509375
386,26,0.7882100293807291,0.69778,0.8786400587614583,3.64079823715625,0.2,3.4407982371562498
387,27,0.7590802524182292,0.56522,0.9529405048364583,1.41178485490625,0.2,1.21178485490625
388,28,0.6810010499151041,0.77138,0.5906220998302083,12.28133700509375,0.2,12.08133700509375
389,29,0.7882100293807291,0.69778,0.8786400587614583,3.64079823715625,0.2,3.4407982371562498
390,30,0.9764702524182292,1.0,0.9529405048364583,1.41178485490625,0.2,1.21178485490625
391,31,0.7953110499151042,1.0,0.5906220998302083,12.28133700509375,0.2,12.08133700509375
392,32,0.9393200293807291,1.0,0.8786400587614583,3.64079823715625,0.2,3.4407982371562498
393,33,0.9764702524182292,1.0,0.9529405048364583,1.41178485490625,0.2,1.21178485490625
394,34,0.7953110499151042,1.0,0.5906220998302083,12.28133700509375,0.2,12.08133700509375
395,35,0.9393200293807291,1.0,0.8786400587614583,3.64079823715625,0.2,3.4407982371562498
396,36,0.9764702524182292,1.0,0.9529405048364583,1.41178485490625,0.2,1.21178485490625
397,37,0.7953110499151042,1.0,0.5906220998302083,12.28133700509375,0.2,12.08133700509375
398,38,0.9393200293807291,1.0,0.8786400587614583,3.64079823715625,0.2,3.4407982371562498
399,39,0.9764702524182292,1.0,0.9529405048364583,1.41178485490625,0.2,1.21178485490625
400,40,0.7953110499151042,1.0,0.5906220998302083,12.28133700509375,0.2,12.08133700509375
401,41,0.9393200293807291,1.0,0.8786400587614583,3.64079823715625,0.2,3.4407982371562498
402,42,0.9764702524182292,1.0,0.9529405048364583,1.41178485490625,0.2,1.21178485490625
403,43,0.7953110499151042,1.0,0.5906220998302083,12.28133700509375,0.2,12.08133700509375
404,44,0.9393200293807291,1.0,0.8786400587614583,3.64079823715625,0.2,3.4407982371562498
405,45,0.9764702524182292,1.0,0.9529405048364583,1.41178485490625,0.2,1.21178485490625
406,46,0.7953110499151042,1.0,0.5906220998302083,12.28133700509375,0.2,12.08133700509375
407,47,0.9393200293807291,1.0,0.8786400587614583,3.64079823715625,0.2,3.4407982371562498
408,48,0.9764702524182292,1.0,0.9529405048364583,1.41178485490625,0.2,1.21178485490625
409,49,0.7953110499151042,1.0,0.5906220998302083,12.28133700509375,0.2,12.08133700509375
410,50,0.9393200293807291,1.0,0.8786400587614583,3.64079823715625,0.2,3.4407982371562498
411,51,0.9764702524182292,1.0,0.9529405048364583,1.41178485490625,0.2,1.21178485490625
412,52,0.7953110499151042,1.0,0.5906220998302083,12.28133700509375,0.2,12.08133700509375
413,53,0.9393200293807291,1.0,0.8786400587614583,3.64079823715625,0.2,3.4407982371562498
414,54,0.9764702524182292,1.0,0.9529405048364583,1.41178485490625,0.2,1.21178485490625
415,55,0.7953110499151042,1.0,0.5906220998302083,12.28133700509375,0.2,12.08133700509375
416,56,0.9393200293807291,1.0,0.8786400587614583,3.64079823715625,0.2,3.4407982371562498
417,57,0.9764702524182292,1.0,0.9529405048364583,1.41178485490625,0.2,1.21178485490625
418,58,0.7953110499151042,1.0,0.5906220998302083,12.28133700509375,0.2,12.08133700509375
419,59,0.9393200293807291,1.0,0.8786400587614583,3.64079823715625,0.2,3.4407982371562498
420,60,0.7590802524182292,0.56522,0.9529405048364583,1.41178485490625,0.2,1.21178485490625
421,61,0.6810010499151041,0.77138,0.5906220998302083,12.28133700509375,0.2,12.08133700509375
422,62,0.7882100293807291,0.69778,0.8786400587614583,3.64079823715625,0.2,3.4407982371562498
423,63,0.7590802524182292,0.56522,0.9529405048364583,1.41178485490625,0.2,1.21178485490625
424,64,0.6810010499151041,0.77138,0.5906220998302083,12.28133700509375,0.2,12.08133700509375
425,65,0.7882100293807291,0.69778,0.8786400587614583,3.64079823715625,0.2,3.4407982371562498
426,66,0.7590802524182292,0.56522,0.9529405048364583,1.41178485490625,0.2,1.21178485490625
427,67,0.6810010499151041,0.77138,0.5906220998302083,12.28133700509375,0.2,12.08133700509375
428,68,0.7882100293807291,0.69778,0.8786400587614583,3.64079823715625,0.2,3.4407982371562498
429,69,0.7590802524182292,0.56522,0.9529405048364583,1.41178485490625,0.2,1.21178485490625
430,70,0.6810010499151041,0.77138,0.5906220998302083,12.28133700509375,0.2,12.08133700509375
431,71,0.7882100293807291,0.69778,0.8786400587614583,3.64079823715625,0.2,3.4407982371562498
432,72,0.7590802524182292,0.56522,0.9529405048364583,1.41178485490625,0.2,1.21178485490625
433,73,0.6810010499151041,0.77138,0.5906220998302083,12.28133700509375,0.2,12.08133700509375
434,74,0.7882100293807291,0.69778,0.8786400587614583,3.64079823715625,0.2,3.4407982371562498
435,75,0.7590802524182292,0.56522,0.9529405048364583,1.41178485490625,0.2,1.21178485490625
436,76,0.6810010499151041,0.77138,0.5906220998302083,12.28133700509375,0.2,12.08133700509375
437,77,0.7882100293807291,0.69778,0.8786400587614583,3.64079823715625,0.2,3.4407982371562498
438,78,0.7590802524182292,0.56522,0.9529405048364583,1.41178485490625,0.2,1.21178485490625
439,79,0.6810010499151041,0.77138,0.5906220998302083,12.28133700509375,0.2,12.08133700509375
440,80,0.7882100293807291,0.69778,0.8786400587614583,3.64079823715625,0.2,3.4407982371562498
441,81,0.7590802524182292,0.56522,0.9529405048364583,1.41178485490625,0.2,1.21178485490625
442,82,0.6810010499151041,0.77138,0.5906220998302083,12.28133700509375,0.2,12.08133700509375
443,83,0.7882100293807291,0.69778,0.8786400587614583,3.64079823715625,0.2,3.4407982371562498
444,84,0.7590802524182292,0.56522,0.9529405048364583,1.41178485490625,0.2,1.21178485490625
445,85,0.6810010499151041,0.77138,0.5906220998302083,12.28133700509375,0.2,12.08133700509375
446,86,0.7882100293807291,0.69778,0.8786400587614583,3.64079823715625,0.2,3.4407982371562498
447,87,0.7590802524182292,0.56522,0.9529405048364583,1.41178485490625,0.2,1.21178485490625
448,88,0.6810010499151041,0.77138,0.5906220998302083,12.28133700509375,0.2,12.08133700509375
449,89,0.7882100293807291,0.69778,0.8786400587614583,3.64079823715625,0.2,3.4407982371562498
450,0,0.7590802524182292,0.56522,0.9529405048364583,1.41178485490625,0.2,1.21178485490625
451,1,0.6810010499151041,0.77138,0.5906220998302083,12.28133700509375,0.2,12.08133700509375
452,2,0.7882100293807291,0.69778,0.8786400587614583,3.64079823715625,0.2,3.4407982371562498
453,3,0.7590802524182292,0.56522,0.9529405048364583,1.41178485490625,0.2,1.21178485490625
454,4,0.6810010499151041,0.77138,0.5906220998302083,12.28133700509375,0.2,12.08133700509375
455,5,0.7882100293807291,0.69778,0.8786400587614583,3.64079823715625,0.2,3.4407982371562498
456,6,0.7590802524182292,0.56522,0.9529405048364583,1.41178485490625,0.2,1.21178485490625
457,7,0.6810010499151041,0.77138,0.5906220998302083,12.28133700509375,0.2,12.08133700509375
458,8,0.7882100293807291,0.69778,0.8786400587614583,3.64079823715625,0.2,3.4407982371562498
459,9,0.7590802524182292,0.56522,0.9529405048364583,1.41178485490625,0.2,1.21178485490625
460,10,0.6810010499151041,0.77138,0.5906220998302083,12.28133700509375,0.2,12.08133700509375
461,11,0.7882100293807291,0.69778,0.8786400587614583,3.64079823715625,0.2,3.4407982371562498
462,12,0.7590802524182292,0.56522,0.9529405048364583,1.41178485490625,0.2,1.21178485490625
463,13,0.6810010499151041,0.77138,0.5906220998302083,12.28133700509375,0.2,12.08133700509375
464,14,0.7882100293807291,0.69778,0.8786400587614583,3.64079823715625,0.2,3.4407982371562498
465,15,0.7590802524182292,0.56522,0.9529405048364583,1.41178485490625,0.2,1.21178485490625
466,16,0.6810010499151041,0.77138,0.5906220998302083,12.28133700509375,0.2,12.08133700509375
467,17,0.7882100293807291,0.69778,0.8786400587614583,3.64079823715625,0.2,3.4407982371562498
468,18,0.7590802524182292,0.56522,0.9529405048364583,1.41178485490625,0.2,1.21178485490625
469,19,0.6810010499151041,0.77138,0.5906220998302083,12.28133700509375,0.2,12.08133700509375
470,20,0.7882100293807291,0.69778,0.8786400587614583,3.64079823715625,0.2,3.4407982371562498
471,21,0.7590802524182292,0.56522,0.9529405048364583,1.41178485490625,0.2,1.21178485490625
472,22,0.6810010499151041,0.77138,0.5906220998302083,12.28133700509375,0.2,12.08133700509375
473,23,0.7882100293807291,0.69778,0.8786400587614583,3.64079823715625,0.2,3.4407982371562498
474,24,0.7590802524182292,0.56522,0.9529405048364583,1.41178485490625,0.2,1.21178485490625
475,25,0.6810010499151041,0.77138,0.5906220998302083,12.28133700509375,0.2,12.08133700509375
476,26,0.7882100293807291,0.69778,0.8786400587614583,3.64079823715625,0.2,3.4407982371562498
477,27,0.7590802524182292,0.56522,0.9529405048364583,1.41178485490625,0.2,1.21178485490625
478,28,0.6810010499151041,0.77138,0.5906220998302083,12.28133700509375,0.2,12.08133700509375
479,29,0.7882100293807291,0.69778,0.8786400587614583,3.64079823715625,0.2,3.4407982371562498
480,30,0.9764702524182292,1.0,0.9529405048364583,1.41178485490625,0.2,1.21178485490625
481,31,0.7953110499151042,1.0,0.5906220998302083,12.28133700509375,0.2,12.08133700509375
482,32,0.9393200293807291,1.0,0.8786400587614583,3.64079823715625,0.2,3.4407982371562498
483,33,0.9764702524182292,1.0,0.9529405048364583,1.41178485490625,0.2,1.21178485490625
484,34,0.7953110499151042,1.0,0.5906220998302083,12.28133700509375,0.2,12.08133700509375
485,35,0.9393200293807291,1.0,0.8786400587614583,3.64079823715625,0.2,3.4407982371562498
486,36,0.9764702524182292,1.0,0.9529405048364583,1.41178485490625,0.2,1.21178485490625
487,37,0.7953110499151042,1.0,0.5906220998302083,12.28133700509375,0.2,12.08133700509375
488,38,0.9393200293807291,1.0,0.8786400587614583,3.64079823715625,0.2,3.4407982371562498
489,39,0.9764702524182292,1.0,0.9529405048364583,1.41178485490625,0.2,1.21178485490625
490,40,0.7953110499151042,1.0,0.5906220998302083,12.28133700509375,0.2,12.08133700509375
491,41,0.9393200293807291,1.0,0.8786400587614583,3.64079823715625,0.2,3.4407982371562498
492,42,0.9764702524182292,1.0,0.9529405048364583,1.41178485490625,0.2,1.21178485490625
493,43,0.7953110499151042,1.0,0.5906220998302083,12.28133700509375,0.2,12.08133700509375
494,44,0.9393200293807291,1.0,0.8786400587614583,3.64079823715625,0.2,3.4407982371562498
495,45,0.9764702524182292,1.0,0.9529405048364583,1.41178485490625,0.2,1.21178485490625
496,46,0.7953110499151042,1.0,0.5906220998302083,12.28133700509375,0.2,12.08133700509375
497,47,0.9393200293807291,1.0,0.8786400587614583,3.64079823715625,0.2,3.4407982371562498
498,48,0.9764702524182292,1.0,0.9529405048364583,1.41178485490625,0.2,1.21178485490625
499,49,0.7953110499151042,1.0,0.5906220998302083,12.28133700509375,0.2,12.08133700509375
500,50,0.9393200293807291,1.0,0.8786400587614583,3.64079823715625,0.2,3.4407982371562498
501,51,0.9764702524182292,1.0,0.9529405048364583,1.41178485490625,0.2,1.21178485490625
502,52,0.7953110499151042,1.0,0.5906220998302083,12.28133700509375,0.2,12.08133700509375
503,53,0.9393200293807291,1.0,0.8786400587614583,3.64079823715625,0.2,3.4407982371562498
504,54,0.9764702524182292,1.0,0.9529405048364583,1.41178485490625,0.2,1.21178485490625
505,55,0.7953110499151042,1.0,0.5906220998302083,12.28133700509375,0.2,12.08133700509375
506,56,0.9393200293807291,1.0,0.8786400587614583,3.64079823715625,0.2,3.4407982371562498
507,57,0.9764702524182292,1.0,0.9529405048364583,1.41178485490625,0.2,1.21178485490625
508,58,0.7953110499151042,1.0,0.5906220998302083,12.28133700509375,0.2,12.08133700509375
509,59,0.9393200293807291,1.0,0.8786400587614583,3.64079823715625,0.2,3.4407982371562498
510,60,0.7590802524182292,0.56522,0.9529405048364583,1.41178485490625,0.2,1.21178485490625
511,61,0.6810010499151041,0.77138,0.5906220998302083,12.28133700509375,0.2,12.08133700509375
512,62,0.7882100293807291,0.69778,0.8786400587614583,3.64079823715625,0.2,3.4407982371562498
513,63,0.7590802524182292,0.56522,0.9529405048364583,1.41178485490625,0.2,1.21178485490625
514,64,0.6810010499151041,0.77138,0.5906220998302083,12.28133700509375,0.2,12.08133700509375
515,65,0.7882100293807291,0.69778,0.8786400587614583,3.64079823715625,0.2,3.4407982371562498
516,66,0.7590802524182292,0.56522,0.9529405048364583,1.41178485490625,0.2,1.21178485490625
517,67,0.6810010499151041,0.77138,0.5906220998302083,12.28133700509375,0.2,12.08133700509375
518,68,0.7882100293807291,0.69778,0.8786400587614583,3.64079823715625,0.2,3.4407982371562498
519,69,0.7590802524182292,0.56522,0.9529405048364583,1.41178485490625,0.2,1.21178485490625
520,70,0.6810010499151041,0.77138,0.5906220998302083,12.28133700509375,0.2,12.08133700509375
521,71,0.7882100293807291,0.69778,0.8786400587614583,3.64079823715625,0.2,3.4407982371562498
522,72,0.7590802524182292,0.56522,0.9529405048364583,1.41178485490625,0.2,1.21178485490625
523,73,0.6810010499151041,0.77138,0.5906220998302083,12.28133700509375,0.2,12.08133700509375
524,74,0.7882100293807291,0.69778,0.8786400587614583,3.64079823715625,0.2,3.4407982371562498
525,75,0.7590802524182292,0.56522,0.9529405048364583,1.41178485490625,0.2,1.21178485490625
526,76,0.6810010499151041,0.77138,0.5906220998302083,12.28133700509375,0.2,12.08133700509375
527,77,0.7882100293807291,0.69778,0.8786400587614583,3.64079823715625,0.2,3.4407982371562498
528,78,0.7590802524182292,0.56522,0.9529405048364583,1.41178485490625,0.2,1.21178485490625
529,79,0.6810010499151041,0.77138,0.5906220998302083,12.28133700509375,0.2,12.08133700509375
530,80,0.7882100293807291,0.69778,0.8786400587614583,3.64079823715625,0.2,3.4407982371562498
531,81,0.7590802524182292,0.56522,0.9529405048364583,1.41178485490625,0.2,1.21178485490625
532,82,0.6810010499151041,0.77138,0.5906220998302083,12.28133700509375,0.2,12.08133700509375
533,83,0.7882100293807291,0.69778,0.8786400587614583,3.64079823715625,0.2,3.4407982371562498
534,84,0.7590802524182292,0.56522,0.9529405048364583,1.41178485490625,0.2,1.21178485490625
535,85,0.6810010499151041,0.77138,0.5906220998302083,12.28133700509375,0.2,12.08133700509375
536,86,0.7882100293807291,0.69778,0.8786400587614583,3.64079823715625,0.2,3.4407982371562498
537,87,0.7590802524182292,0.56522,0.9529405048364583,1.41178485490625,0.2,1.21178485490625
538,88,0.6810010499151041,0.77138,0.5906220998302083,12.28133700509375,0.2,12.08133700509375
539,89,0.7882100293807291,0.69778,0.8786400587614583,3.64079823715625,0.2,3.4407982371562498
540,0,0.7590802524182292,0.56522,0.9529405048364583,1.41178485490625,0.2,1.21178485490625
541,1,0.6810010499151041,0.77138,0.5906220998302083,12.28133700509375,0.2,12.08133700509375
542,2,0.7882100293807291,0.69778,0.8786400587614583,3.64079823715625,0.2,3.4407982371562498
543,3,0.7590802524182292,0.56522,0.9529405048364583,1.41178485490625,0.2,1.21178485490625
544,4,0.6810010499151041,0.77138,0.5906220998302083,12.28133700509375,0.2,12.08133700509375
545,5,0.7882100293807291,0.69778,0.8786400587614583,3.64079823715625,0.2,3.4407982371562498
546,6,0.7590802524182292,0.56522,0.9529405048364583,1.41178485490625,0.2,1.21178485490625
547,7,0.6810010499151041,0.77138,0.5906220998302083,12.28133700509375,0.2,12.08133700509375
548,8,0.7882100293807291,0.69778,0.8786400587614583,3.64079823715625,0.2,3.4407982371562498
549,9,0.7590802524182292,0.56522,0.9529405048364583,1.41178485490625,0.2,1.21178485490625
550,10,0.6810010499151041,0.77138,0.5906220998302083,12.28133700509375,0.2,12.08133700509375
551,11,0.7882100293807291,0.69778,0.8786400587614583,3.64079823715625,0.2,3.4407982371562498
552,12,0.7590802524182292,0.56522,0.9529405048364583,1.41178485490625,0.2,1.21178485490625
553,13,0.6810010499151041,0.77138,0.5906220998302083,12.28133700509375,0.2,12.08133700509375
554,14,0.7882100293807291,0.69778,0.8786400587614583,3.64079823715625,0.2,3.4407982371562498
555,15,0.7590802524182292,0.56522,0.9529405048364583,1.41178485490625,0.2,1.21178485490625
556,16,0.6810010499151041,0.77138,0.5906220998302083,12.28133700509375,0.2,12.08133700509375
557,17,0.7882100293807291,0.69778,0.8786400587614583,3.64079823715625,0.2,3.4407982371562498
558,18,0.7590802524182292,0.56522,0.9529405048364583,1.41178485490625,0.2,1.21178485490625
559,19,0.6810010499151041,0.77138,0.5906220998302083,12.28133700509375,0.2,12.08133700509375
560,20,0.7882100293807291,0.69778,0.8786400587614583,3.64079823715625,0.2,3.4407982371562498
561,21,0.7590802524182292,0.56522,0.9529405048364583,1.41178485490625,0.2,1.21178485490625
562,22,0.6810010499151041,0.77138,0.5906220998302083,12.28133700509375,0.2,12.08133700509375
563,23,0.7882100293807291,0.69778,0.8786400587614583,3.64079823715625,0.2,3.4407982371562498
564,24,0.7590802524182292,0.56522,0.9529405048364583,1.41178485490625,0.2,1.21178485490625
565,25,0.6810010499151041,0.77138,0.5906220998302083,12.28133700509375,0.2,12.08133700509375
566,26,0.7882100293807291,0.69778,0.8786400587614583,3.64079823715625,0.2,3.4407982371562498
567,27,0.7590802524182292,0.56522,0.9529405048364583,1.41178485490625,0.2,1.21178485490625
568,28,0.6810010499151041,0.77138,0.5906220998302083,12.28133700509375,0.2,12.08133700509375
569,29,0.7882100293807291,0.69778,0.8786400587614583,3.64079823715625,0.2,3.4407982371562498
570,30,0.9764702524182292,1.0,0.9529405048364583,1.41178485490625,0.2,1.21178485490625
571,31,0.7953110499151042,1.0,0.5906220998302083,12.28133700509375,0.2,12.08133700509375
572,32,0.9393200293807291,1.0,0.8786400587614583,3.64079823715625,0.2,3.4407982371562498
573,33,0.9764702524182292,1.0,0.9529405048364583,1.41178485490625,0.2,1.21178485490625
574,34,0.7953110499151042,1.0,0.5906220998302083,12.28133700509375,0.2,12.08133700509375
575,35,0.9393200293807291,1.0,0.8786400587614583,3.64079823715625,0.2,3.4407982371562498
576,36,0.9764702524182292,1.0,0.9529405048364583,1.41178485490625,0.2,1.21178485490625
577,37,0.7953110499151042,1.0,0.5906220998302083,12.28133700509375,0.2,12.08133700509375
578,38,0.9393200293807291,1.0,0.8786400587614583,3.64079823715625,0.2,3.4407982371562498
579,39,0.9764702524182292,1.0,0.9529405048364583,1.41178485490625,0.2,1.21178485490625
580,40,0.7953110499151042,1.0,0.5906220998302083,12.28133700509375,0.2,12.08133700509375
581,41,0.9393200293807291,1.0,0.8786400587614583,3.64079823715625,0.2,3.4407982371562498
582,42,0.9764702524182292,1.0,0.9529405048364583,1.41178485490625,0.2,1.21178485490625
583,43,0.7953110499151042,1.0,0.5906220998302083,12.28133700509375,0.2,12.08133700509375
584,44,0.9393200293807291,1.0,0.8786400587614583,3.64079823715625,0.2,3.4407982371562498
585,45,0.9764702524182292,1.0,0.9529405048364583,1.41178485490625,0.2,1.21178485490625
586,46,0.7953110499151042,1.0,0.5906220998302083,12.28133700509375,0.2,12.08133700509375
587,47,0.9393200293807291,1.0,0.8786400587614583,3.64079823715625,0.2,3.4407982371562498
588,48,0.9764702524182292,1.0,0.9529405048364583,1.41178485490625,0.2,1.21178485490625
589,49,0.7953110499151042,1.0,0.5906220998302083,12.28133700509375,0.2,12.08133700509375
590,50,0.9393200293807291,1.0,0.8786400587614583,3.64079823715625,0.2,3.4407982371562498
591,51,0.9764702524182292,1.0,0.9529405048364583,1.41178485490625,0.2,1.21178485490625
592,52,0.7953110499151042,1.0,0.5906220998302083,12.28133700509375,0.2,12.08133700509375
593,53,0.9393200293807291,1.0,0.8786400587614583,3.64079823715625,0.2,3.4407982371562498
594,54,0.9764702524182292,1.0,0.9529405048364583,1.41178485490625,0.2,1.21178485490625
595,55,0.7953110499151042,1.0,0.5906220998302083,12.28133700509375,0.2,12.08133700509375
596,56,0.9393200293807291,1.0,0.8786400587614583,3.64079823715625,0.2,3.4407982371562498
597,57,0.9764702524182292,1.0,0.9529405048364583,1.41178485490625,0.2,1.21178485490625
598,58,0.7953110499151042,1.0,0.5906220998302083,12.28133700509375,0.2,12.08133700509375
599,59,0.9393200293807291,1.0,0.8786400587614583,3.64079823715625,0.2,3.4407982371562498
600,60,0.7590802524182292,0.56522,0.9529405048364583,1.41178485490625,0.2,1.21178485490625
601,61,0.6810010499151041,0.77138,0.5906220998302083,12.28133700509375,0.2,12.08133700509375
602,62,0.7882100293807291,0.69778,0.8786400587614583,3.64079823715625,0.2,3.4407982371562498
603,63,0.7590802524182292,0.56522,0.9529405048364583,1.41178485490625,0.2,1.21178485490625
604,64,0.6810010499151041,0.77138,0.5906220998302083,12.28133700509375,0.2,12.08133700509375
605,65,0.7882100293807291,0.69778,0.8786400587614583,3.64079823715625,0.2,3.4407982371562498
606,66,0.7590802524182292,0.56522,0.9529405048364583,1.41178485490625,0.2,1.21178485490625
607,67,0.6810010499151041,0.77138,0.5906220998302083,12.28133700509375,0.2,12.08133700509375
608,68,0.7882100293807291,0.69778,0.8786400587614583,3.64079823715625,0.2,3.4407982371562498
609,69,0.7590802524182292,0.56522,0.9529405048364583,1.41178485490625,0.2,1.21178485490625
610,70,0.6810010499151041,0.77138,0.5906220998302083,12.28133700509375,0.2,12.08133700509375
611,71,0.7882100293807291,0.69778,0.8786400587614583,3.64079823715625,0.2,3.4407982371562498
612,72,0.7590802524182292,0.56522,0.9529405048364583,1.41178485490625,0.2,1.21178485490625
613,73,0.6810010499151041,0.77138,0.5906220998302083,12.28133700509375,0.2,12.08133700509375
614,74,0.7882100293807291,0.69778,0.8786400587614583,3.64079823715625,0.2,3.4407982371562498
615,75,0.7590802524182292,0.56522,0.9529405048364583,1.41178485490625,0.2,1.21178485490625
616,76,0.6810010499151041,0.77138,0.5906220998302083,12.28133700509375,0.2,12.08133700509375
617,77,0.7882100293807291,0.69778,0.8786400587614583,3.64079823715625,0.2,3.4407982371562498
618,78,0.7590802524182292,0.56522,0.9529405048364583,1.41178485490625,0.2,1.21178485490625
619,79,0.6810010499151041,0.77138,0.5906220998302083,12.28133700509375,0.2,12.08133700509375
620,80,0.7882100293807291,0.69778,0.8786400587614583,3.64079823715625,0.2,3.4407982371562498
621,81,0.7590802524182292,0.56522,0.9529405048364583,1.41178485490625,0.2,1.21178485490625
622,82,0.6810010499151041,0.77138,0.5906220998302083,12.28133700509375,0.2,12.08133700509375
623,83,0.7882100293807291,0.69778,0.8786400587614583,3.64079823715625,0.2,3.4407982371562498
624,84,0.7590802524182292,0.56522,0.9529405048364583,1.41178485490625,0.2,1.21178485490625
625,85,0.6810010499151041,0.77138,0.5906220998302083,12.28133700509375,0.2,12.08133700509375
626,86,0.7882100293807291,0.69778,0.8786400587614583,3.64079823715625,0.2,3.4407982371562498
627,87,0.7590802524182292,0.56522,0.9529405048364583,1.41178485490625,0.2,1.21178485490625
628,88,0.6810010499151041,0.77138,0.5906220998302083,12.28133700509375,0.2,12.08133700509375
629,89,0.7882100293807291,0.69778,0.8786400587614583,3.64079823715625,0.2,3.4407982371562498
630,0,0.7590802524182292,0.56522,0.9529405048364583,1.41178485490625,0.2,1.21178485490625
631,1,0.6810010499151041,0.77138,0.5906220998302083,12.28133700509375,0.2,12.08133700509375
632,2,0.7882100293807291,0.69778,0.8786400587614583,3.64079823715625,0.2,3.4407982371562498
633,3,0.7590802524182292,0.56522,0.9529405048364583,1.41178485490625,0.2,1.21178485490625
634,4,0.6810010499151041,0.77138,0.5906220998302083,12.28133700509375,0.2,12.08133700509375
635,5,0.7882100293807291,0.69778,0.8786400587614583,3.64079823715625,0.2,3.4407982371562498
636,6,0.7590802524182292,0.56522,0.9529405048364583,1.41178485490625,0.2,1.21178485490625
637,7,0.6810010499151041,0.77138,0.5906220998302083,12.28133700509375,0.2,12.08133700509375
638,8,0.7882100293807291,0.69778,0.8786400587614583,3.64079823715625,0.2,3.4407982371562498
639,9,0.7590802524182292,0.56522,0.9529405048364583,1.41178485490625,0.2,1.21178485490625
640,10,0.6810010499151041,0.77138,0.5906220998302083,12.28133700509375,0.2,12.08133700509375
641,11,0.7882100293807291,0.69778,0.8786400587614583,3.64079823715625,0.2,3.4407982371562498
642,12,0.7590802524182292,0.56522,0.9529405048364583,1.41178485490625,0.2,1.21178485490625
643,13,0.6810010499151041,0.77138,0.5906220998302083,12.28133700509375,0.2,12.08133700509375
644,14,0.7882100293807291,0.69778,0.8786400587614583,3.64079823715625,0.2,3.4407982371562498
645,15,0.7590802524182292,0.56522,0.9529405048364583,1.41178485490625,0.2,1.21178485490625
646,16,0.6810010499151041,0.77138,0.5906220998302083,12.28133700509375,0.2,12.08133700509375
647,17,0.7882100293807291,0.69778,0.8786400587614583,3.64079823715625,0.2,3.4407982371562498
648,18,0.7590802524182292,0.56522,0.9529405048364583,1.41178485490625,0.2,1.21178485490625
649,19,0.6810010499151041,0.77138,0.5906220998302083,12.28133700509375,0.2,12.08133700509375
650,20,0.7882100293807291,0.69778,0.8786400587614583,3.64079823715625,0.2,3.4407982371562498
651,21,0.7590802524182292,0.56522,0.9529405048364583,1.41178485490625,0.2,1.21178485490625
652,22,0.6810010499151041,0.77138,0.5906220998302083,12.28133700509375,0.2,12.08133700509375
653,23,0.7882100293807291,0.69778,0.8786400587614583,3.64079823715625,0.2,3.4407982371562498
654,24,0.7590802524182292,0.56522,0.9529405048364583,1.41178485490625,0.2,1.21178485490625
655,25,0.6810010499151041,0.77138,0.5906220998302083,12.28133700509375,0.2,12.08133700509375
656,26,0.7882100293807291,0.69778,0.8786400587614583,3.64079823715625,0.2,3.4407982371562498
657,27,0.7590802524182292,0.56522,0.9529405048364583,1.41178485490625,0.2,1.21178485490625
658,28,0.6810010499151041,0.77138,0.5906220998302083,12.28133700509375,0.2,12.08133700509375
659,29,0.7882100293807291,0.69778,0.8786400587614583,3.64079823715625,0.2,3.4407982371562498
660,30,0.9764702524182292,1.0,0.9529405048364583,1.41178485490625,0.2,1.21178485490625
661,31,0.7953110499151042,1.0,0.5906220998302083,12.28133700509375,0.2,12.08133700509375
662,32,0.9393200293807291,1.0,0.8786400587614583,3.64079823715625,0.2,3.4407982371562498
663,33,0.9764702524182292,1.0,0.9529405048364583,1.41178485490625,0.2,1.21178485490625
664,34,0.7953110499151042,1.0,0.5906220998302083,12.28133700509375,0.2,12.08133700509375
665,35,0.9393200293807291,1.0,0.8786400587614583,3.64079823715625,0.2,3.4407982371562498
666,36,0.9764702524182292,1.0,0.9529405048364583,1.41178485490625,0.2,1.21178485490625
667,37,0.7953110499151042,1.0,0.5906220998302083,12.28133700509375,0.2,12.08133700509375
668,38,0.9393200293807291,1.0,0.8786400587614583,3.64079823715625,0.2,3.4407982371562498
669,39,0.9764702524182292,1.0,0.9529405048364583,1.41178485490625,0.2,1.21178485490625
670,40,0.7953110499151042,1.0,0.5906220998302083,12.28133700509375,0.2,12.08133700509375
671,41,0.9393200293807291,1.0,0.8786400587614583,3.64079823715625,0.2,3.4407982371562498
672,42,0.9764702524182292,1.0,0.9529405048364583,1.41178485490625,0.2,1.21178485490625
673,43,0.7953110499151042,1.0,0.5906220998302083,12.28133700509375,0.2,12.08133700509375
674,44,0.9393200293807291,1.0,0.8786400587614583,3.64079823715625,0.2,3.4407982371562498
675,45,0.9764702524182292,1.0,0.9529405048364583,1.41178485490625,0.2,1.21178485490625
676,46,0.7953110499151042,1.0,0.5906220998302083,12.28133700509375,0.2,12.08133700509375
677,47,0.9393200293807291,1.0,0.8786400587614583,3.64079823715625,0.2,3.4407982371562498
678,48,0.9764702524182292,1.0,0.9529405048364583,1.41178485490625,0.2,1.21178485490625
679,49,0.7953110499151042,1.0,0.5906220998302083,12.28133700509375,0.2,12.08133700509375
680,50,0.9393200293807291,1.0,0.8786400587614583,3.64079823715625,0.2,3.4407982371562498
681,51,0.9764702524182292,1.0,0.9529405048364583,1.41178485490625,0.2,1.21178485490625
682,52,0.7953110499151042,1.0,0.5906220998302083,12.28133700509375,0.2,12.08133700509375
683,53,0.9393200293807291,1.0,0.8786400587614583,3.64079823715625,0.2,3.4407982371562498
684,54,0.9764702524182292,1.0,0.9529405048364583,1.41178485490625,0.2,1.21178485490625
685,55,0.7953110499151042,1.0,0.5906220998302083,12.28133700509375,0.2,12.08133700509375
686,56,0.9393200293807291,1.0,0.8786400587614583,3.64079823715625,0.2,3.4407982371562498
687,57,0.9764702524182292,1.0,0.9529405048364583,1.41178485490625,0.2,1.21178485490625
688,58,0.7953110499151042,1.0,0.5906220998302083,12.28133700509375,0.2,12.08133700509375
689,59,0.9393200293807291,1.0,0.8786400587614583,3.64079823715625,0.2,3.4407982371562498
690,60,0.7590802524182292,0.56522,0.9529405048364583,1.41178485490625,0.2,1.21178485490625
691,61,0.6810010499151041,0.77138,0.5906220998302083,12.28133700509375,0.2,12.08133700509375
692,62,0.7882100293807291,0.69778,0.8786400587614583,3.64079823715625,0.2,3.4407982371562498
693,63,0.7590802524182292,0.56522,0.9529405048364583,1.41178485490625,0.2,1.21178485490625
694,64,0.6810010499151041,0.77138,0.5906220998302083,12.28133700509375,0.2,12.08133700509375
695,65,0.7882100293807291,0.69778,0.8786400587614583,3.64079823715625,0.2,3.4407982371562498
696,66,0.7590802524182292,0.56522,0.9529405048364583,1.41178485490625,0.2,1.21178485490625
697,67,0.6810010499151041,0.77138,0.5906220998302083,12.28133700509375,0.2,12.08133700509375
698,68,0.7882100293807291,0.69778,0.8786400587614583,3.64079823715625,0.2,3.4407982371562498
699,69,0.7590802524182292,0.56522,0.9529405048364583,1.41178485490625,0.2,1.21178485490625
700,70,0.6810010499151041,0.77138,0.5906220998302083,12.28133700509375,0.2,12.08133700509375
701,71,0.7882100293807291,0.69778,0.8786400587614583,3.64079823715625,0.2,3.4407982371562498
702,72,0.7590802524182292,0.56522,0.9529405048364583,1.41178485490625,0.2,1.21178485490625
703,73,0.6810010499151041,0.77138,0.5906220998302083,12.28133700509375,0.2,12.08133700509375
704,74,0.7882100293807291,0.69778,0.8786400587614583,3.64079823715625,0.2,3.4407982371562498
705,75,0.7590802524182292,0.56522,0.9529405048364583,1.41178485490625,0.2,1.21178485490625
706,76,0.6810010499151041,0.77138,0.5906220998302083,12.28133700509375,0.2,12.08133700509375
707,77,0.7882100293807291,0.69778,0.8786400587614583,3.64079823715625,0.2,3.4407982371562498
708,78,0.7590802524182292,0.56522,0.9529405048364583,1.41178485490625,0.2,1.21178485490625
709,79,0.6810010499151041,0.77138,0.5906220998302083,12.28133700509375,0.2,12.08133700509375
710,80,0.7882100293807291,0.69778,0.8786400587614583,3.64079823715625,0.2,3.4407982371562498
711,81,0.7590802524182292,0.56522,0.9529405048364583,1.41178485490625,0.2,1.21178485490625
712,82,0.6810010499151041,0.77138,0.5906220998302083,12.28133700509375,0.2,12.08133700509375
713,83,0.7882100293807291,0.69778,0.8786400587614583,3.64079823715625,0.2,3.4407982371562498
714,84,0.7590802524182292,0.56522,0.9529405048364583,1.41178485490625,0.2,1.21178485490625
715,85,0.6810010499151041,0.77138,0.5906220998302083,12.28133700509375,0.2,12.08133700509375
716,86,0.7882100293807291,0.69778,0.8786400587614583,3.64079823715625,0.2,3.4407982371562498
717,87,0.7590802524182292,0.56522,0.9529405048364583,1.41178485490625,0.2,1.21178485490625
718,88,0.6810010499151041,0.77138,0.5906220998302083,12.28133700509375,0.2,12.08133700509375
719,89,0.7882100293807291,0.69778,0.8786400587614583,3.64079823715625,0.2,3.4407982371562498
720,0,0.7590802524182292,0.56522,0.9529405048364583,1.41178485490625,0.2,1.21178485490625
721,1,0.6810010499151041,0.77138,0.5906220998302083,12.28133700509375,0.2,12.08133700509375
722,2,0.7882100293807291,0.69778,0.8786400587614583,3.64079823715625,0.2,3.4407982371562498
723,3,0.7590802524182292,0.56522,0.9529405048364583,1.41178485490625,0.2,1.21178485490625
724,4,0.6810010499151041,0.77138,0.5906220998302083,12.28133700509375,0.2,12.08133700509375
725,5,0.7882100293807291,0.69778,0.8786400587614583,3.64079823715625,0.2,3.4407982371562498
726,6,0.7590802524182292,0.56522,0.9529405048364583,1.41178485490625,0.2,1.21178485490625
727,7,0.6810010499151041,0.77138,0.5906220998302083,12.28133700509375,0.2,12.08133700509375
728,8,0.7882100293807291,0.69778,0.8786400587614583,3.64079823715625,0.2,3.4407982371562498
729,9,0.7590802524182292,0.56522,0.9529405048364583,1.41178485490625,0.2,1.21178485490625
730,10,0.6810010499151041,0.77138,0.5906220998302083,12.28133700509375,0.2,12.08133700509375
731,11,0.7882100293807291,0.69778,0.8786400587614583,3.64079823715625,0.2,3.4407982371562498
732,12,0.7590802524182292,0.56522,0.9529405048364583,1.41178485490625,0.2,1.21178485490625
733,13,0.6810010499151041,0.77138,0.5906220998302083,12.28133700509375,0.2,12.08133700509375
734,14,0.7882100293807291,0.69778,0.8786400587614583,3.64079823715625,0.2,3.4407982371562498
735,15,0.7590802524182292,0.56522,0.9529405048364583,1.41178485490625,0.2,1.21178485490625
736,16,0.6810010499151041,0.77138,0.5906220998302083,12.28133700509375,0.2,12.08133700509375
737,17,0.7882100293807291,0.69778,0.8786400587614583,3.64079823715625,0.2,3.4407982371562498
738,18,0.7590802524182292,0.56522,0.9529405048364583,1.41178485490625,0.2,1.21178485490625
739,19,0.6810010499151041,0.77138,0.5906220998302083,12.28133700509375,0.2,12.08133700509375
740,20,0.7882100293807291,0.69778,0.8786400587614583,3.64079823715625,0.2,3.4407982371562498
741,21,0.7590802524182292,0.56522,0.9529405048364583,1.41178485490625,0.2,1.21178485490625
742,22,0.6810010499151041,0.77138,0.5906220998302083,12.28133700509375,0.2,12.08133700509375
743,23,0.7882100293807291,0.69778,0.8786400587614583,3.64079823715625,0.2,3.4407982371562498
744,24,0.7590802524182292,0.56522,0.9529405048364583,1.41178485490625,0.2,1.21178485490625
745,25,0.6810010499151041,0.77138,0.5906220998302083,12.28133700509375,0.2,12.08133700509375
746,26,0.7882100293807291,0.69778,0.8786400587614583,3.64079823715625,0.2,3.4407982371562498
747,27,0.7590802524182292,0.56522,0.9529405048364583,1.41178485490625,0.2,1.21178485490625
748,28,0.6810010499151041,0.77138,0.5906220998302083,12.28133700509375,0.2,12.08133700509375
749,29,0.7882100293807291,0.69778,0.8786400587614583,3.64079823715625,0.2,3.4407982371562498
750,30,0.9764702524182292,1.0,0.9529405048364583,1.41178485490625,0.2,1.21178485490625
751,31,0.7953110499151042,1.0,0.5906220998302083,12.28133700509375,0.2,12.08133700509375
752,32,0.9393200293807291,1.0,0.8786400587614583,3.64079823715625,0.2,3.4407982371562498
753,33,0.9764702524182292,1.0,0.9529405048364583,1.41178485490625,0.2,1.21178485490625
754,34,0.7953110499151042,1.0,0.5906220998302083,12.28133700509375,0.2,12.08133700509375
755,35,0.9393200293807291,1.0,0.8786400587614583,3.64079823715625,0.2,3.4407982371562498
756,36,0.9764702524182292,1.0,0.9529405048364583,1.41178485490625,0.2,1.21178485490625
757,37,0.7953110499151042,1.0,0.5906220998302083,12.28133700509375,0.2,12.08133700509375
758,38,0.9393200293807291,1.0,0.8786400587614583,3.64079823715625,0.2,3.4407982371562498
759,39,0.9764702524182292,1.0,0.9529405048364583,1.41178485490625,0.2,1.21178485490625
760,40,0.7953110499151042,1.0,0.5906220998302083,12.28133700509375,0.2,12.08133700509375
761,41,0.9393200293807291,1.0,0.8786400587614583,3.64079823715625,0.2,3.4407982371562498
762,42,0.9764702524182292,1.0,0.9529405048364583,1.41178485490625,0.2,1.21178485490625
763,43,0.7953110499151042,1.0,0.5906220998302083,12.28133700509375,0.2,12.08133700509375
764,44,0.9393200293807291,1.0,0.8786400587614583,3.64079823715625,0.2,3.4407982371562498
765,45,0.9764702524182292,1.0,0.9529405048364583,1.41178485490625,0.2,1.21178485490625
766,46,0.7953110499151042,1.0,0.5906220998302083,12.28133700509375,0.2,12.08133700509375
767,47,0.9393200293807291,1.0,0.8786400587614583,3.64079823715625,0.2,3.4407982371562498
768,48,0.9764702524182292,1.0,0.9529405048364583,1.41178485490625,0.2,1.21178485490625
769,49,0.7953110499151042,1.0,0.5906220998302083,12.28133700509375,0.2,12.08133700509375
770,50,0.9393200293807291,1.0,0.8786400587614583,3.64079823715625,0.2,3.4407982371562498
771,51,0.9764702524182292,1.0,0.9529405048364583,1.41178485490625,0.2,1.21178485490625
772,52,0.7953110499151042,1.0,0.5906220998302083,12.28133700509375,0.2,12.08133700509375
773,53,0.9393200293807291,1.0,0.8786400587614583,3.64079823715625,0.2,3.4407982371562498
774,54,0.9764702524182292,1.0,0.9529405048364583,1.41178485490625,0.2,1.21178485490625
775,55,0.7953110499151042,1.0,0.5906220998302083,12.28133700509375,0.2,12.08133700509375
776,56,0.9393200293807291,1.0,0.8786400587614583,3.64079823715625,0.2,3.4407982371562498
777,57,0.9764702524182292,1.0,0.9529405048364583,1.41178485490625,0.2,1.21178485490625
778,58,0.7953110499151042,1.0,0.5906220998302083,12.28133700509375,0.2,12.08133700509375
779,59,0.9393200293807291,1.0,0.8786400587614583,3.64079823715625,0.2,3.4407982371562498
780,60,0.7590802524182292,0.56522,0.9529405048364583,1.41178485490625,0.2,1.21178485490625
781,61,0.6810010499151041,0.77138,0.5906220998302083,12.28133700509375,0.2,12.08133700509375
782,62,0.7882100293807291,0.69778,0.8786400587614583,3.64079823715625,0.2,3.4407982371562498
783,63,0.7590802524182292,0.56522,0.9529405048364583,1.41178485490625,0.2,1.21178485490625
784,64,0.6810010499151041,0.77138,0.5906220998302083,12.28133700509375,0.2,12.08133700509375
785,65,0.7882100293807291,0.69778,0.8786400587614583,3.64079823715625,0.2,3.4407982371562498
786,66,0.7590802524182292,0.56522,0.9529405048364583,1.41178485490625,0.2,1.21178485490625
787,67,0.6810010499151041,0.77138,0.5906220998302083,12.28133700509375,0.2,12.08133700509375
788,68,0.7882100293807291,0.69778,0.8786400587614583,3.64079823715625,0.2,3.4407982371562498
789,69,0.7590802524182292,0.56522,0.9529405048364583,1.41178485490625,0.2,1.21178485490625
790,70,0.6810010499151041,0.77138,0.5906220998302083,12.28133700509375,0.2,12.08133700509375
791,71,0.7882100293807291,0.69778,0.8786400587614583,3.64079823715625,0.2,3.4407982371562498
792,72,0.7590802524182292,0.56522,0.9529405048364583,1.41178485490625,0.2,1.21178485490625
793,73,0.6810010499151041,0.77138,0.5906220998302083,12.28133700509375,0.2,12.08133700509375
794,74,0.7882100293807291,0.69778,0.8786400587614583,3.64079823715625,0.2,3.4407982371562498
795,75,0.7590802524182292,0.56522,0.9529405048364583,1.41178485490625,0.2,1.21178485490625
796,76,0.6810010499151041,0.77138,0.5906220998302083,12.28133700509375,0.2,12.08133700509375
797,77,0.7882100293807291,0.69778,0.8786400587614583,3.64079823715625,0.2,3.4407982371562498
798,78,0.7590802524182292,0.56522,0.9529405048364583,1.41178485490625,0.2,1.21178485490625
799,79,0.6810010499151041,0.77138,0.5906220998302083,12.28133700509375,0.2,12.08133700509375
800,80,0.7882100293807291,0.69778,0.8786400587614583,3.64079823715625,0.2,3.4407982371562498
801,81,0.7590802524182292,0.56522,0.9529405048364583,1.41178485490625,0.2,1.21178485490625
802,82,0.6810010499151041,0.77138,0.5906220998302083,12.28133700509375,0.2,12.08133700509375
803,83,0.7882100293807291,0.69778,0.8786400587614583,3.64079823715625,0.2,3.4407982371562498
804,84,0.7590802524182292,0.56522,0.9529405048364583,1.41178485490625,0.2,1.21178485490625
805,85,0.6810010499151041,0.77138,0.5906220998302083,12.28133700509375,0.2,12.08133700509375
806,86,0.7882100293807291,0.69778,0.8786400587614583,3.64079823715625,0.2,3.4407982371562498
807,87,0.7590802524182292,0.56522,0.9529405048364583,1.41178485490625,0.2,1.21178485490625
808,88,0.6810010499151041,0.77138,0.5906220998302083,12.28133700509375,0.2,12.08133700509375
809,89,0.7882100293807291,0.69778,0.8786400587614583,3.64079823715625,0.2,3.4407982371562498
810,0,0.7590802524182292,0.56522,0.9529405048364583,1.41178485490625,0.2,1.21178485490625
811,1,0.6810010499151041,0.77138,0.5906220998302083,12.28133700509375,0.2,12.08133700509375
812,2,0.7882100293807291,0.69778,0.8786400587614583,3.64079823715625,0.2,3.4407982371562498
813,3,0.7590802524182292,0.56522,0.9529405048364583,1.41178485490625,0.2,1.21178485490625
814,4,0.6810010499151041,0.77138,0.5906220998302083,12.28133700509375,0.2,12.08133700509375
815,5,0.7882100293807291,0.69778,0.8786400587614583,3.64079823715625,0.2,3.4407982371562498
816,6,0.7590802524182292,0.56522,0.9529405048364583,1.41178485490625,0.2,1.21178485490625
817,7,0.6810010499151041,0.77138,0.5906220998302083,12.28133700509375,0.2,12.08133700509375
818,8,0.7882100293807291,0.69778,0.8786400587614583,3.64079823715625,0.2,3.4407982371562498
819,9,0.7590802524182292,0.56522,0.9529405048364583,1.41178485490625,0.2,1.21178485490625
820,10,0.6810010499151041,0.77138,0.5906220998302083,12.28133700509375,0.2,12.08133700509375
821,11,0.7882100293807291,0.69778,0.8786400587614583,3.64079823715625,0.2,3.4407982371562498
822,12,0.7590802524182292,0.56522,0.9529405048364583,1.41178485490625,0.2,1.21178485490625
823,13,0.6810010499151041,0.77138,0.5906220998302083,12.28133700509375,0.2,12.08133700509375
824,14,0.7882100293807291,0.69778,0.8786400587614583,3.64079823715625,0.2,3.4407982371562498
825,15,0.7590802524182292,0.56522,0.9529405048364583,1.41178485490625,0.2,1.21178485490625
826,16,0.6810010499151041,0.77138,0.5906220998302083,12.28133700509375,0.2,12.08133700509375
827,17,0.7882100293807291,0.69778,0.8786400587614583,3.64079823715625,0.2,3.4407982371562498
828,18,0.7590802524182292,0.56522,0.9529405048364583,1.41178485490625,0.2,1.21178485490625
829,19,0.6810010499151041,0.77138,0.5906220998302083,12.28133700509375,0.2,12.08133700509375
830,20,0.7882100293807291,0.69778,0.8786400587614583,3.64079823715625,0.2,3.4407982371562498
831,21,0.7590802524182292,0.56522,0.9529405048364583,1.41178485490625,0.2,1.21178485490625
832,22,0.6810010499151041,0.77138,0.5906220998302083,12.28133700509375,0.2,12.08133700509375
833,23,0.7882100293807291,0.69778,0.8786400587614583,3.64079823715625,0.2,3.4407982371562498
834,24,0.7590802524182292,0.56522,0.9529405048364583,1.41178485490625,0.2,1.21178485490625
835,25,0.6810010499151041,0.77138,0.5906220998302083,12.28133700509375,0.2,12.08133700509375
836,26,0.7882100293807291,0.69778,0.8786400587614583,3.64079823715625,0.2,3.4407982371562498
837,27,0.7590802524182292,0.56522,0.9529405048364583,1.41178485490625,0.2,1.21178485490625
838,28,0.6810010499151041,0.77138,0.5906220998302083,12.28133700509375,0.2,12.08133700509375
839,29,0.7882100293807291,0.69778,0.8786400587614583,3.64079823715625,0.2,3.4407982371562498
840,30,0.9764702524182292,1.0,0.9529405048364583,1.41178485490625,0.2,1.21178485490625
841,31,0.7953110499151042,1.0,0.5906220998302083,12.28133700509375,0.2,12.08133700509375
842,32,0.9393200293807291,1.0,0.8786400587614583,3.64079823715625,0.2,3.4407982371562498
843,33,0.9764702524182292,1.0,0.9529405048364583,1.41178485490625,0.2,1.21178485490625
844,34,0.7953110499151042,1.0,0.5906220998302083,12.28133700509375,0.2,12.08133700509375
845,35,0.9393200293807291,1.0,0.8786400587614583,3.64079823715625,0.2,3.4407982371562498
846,36,0.9764702524182292,1.0,0.9529405048364583,1.41178485490625,0.2,1.21178485490625
847,37,0.7953110499151042,1.0,0.5906220998302083,12.28133700509375,0.2,12.08133700509375
848,38,0.9393200293807291,1.0,0.8786400587614583,3.64079823715625,0.2,3.4407982371562498
849,39,0.9764702524182292,1.0,0.9529405048364583,1.41178485490625,0.2,1.21178485490625
850,40,0.7953110499151042,1.0,0.5906220998302083,12.28133700509375,0.2,12.08133700509375
851,41,0.9393200293807291,1.0,0.8786400587614583,3.64079823715625,0.2,3.4407982371562498
852,42,0.9764702524182292,1.0,0.9529405048364583,1.41178485490625,0.2,1.21178485490625
853,43,0.7953110499151042,1.0,0.5906220998302083,12.28133700509375,0.2,12.08133700509375
854,44,0.9393200293807291,1.0,0.8786400587614583,3.64079823715625,0.2,3.4407982371562498
855,45,0.9764702524182292,1.0,0.9529405048364583,1.41178485490625,0.2,1.21178485490625
856,46,0.7953110499151042,1.0,0.5906220998302083,12.28133700509375,0.2,12.08133700509375
857,47,0.9393200293807291,1.0,0.8786400587614583,3.64079823715625,0.2,3.4407982371562498
858,48,0.9764702524182292,1.0,0.9529405048364583,1.41178485490625,0.2,1.21178485490625
859,49,0.7953110499151042,1.0,0.5906220998302083,12.28133700509375,0.2,12.08133700509375
860,50,0.9393200293807291,1.0,0.8786400587614583,3.64079823715625,0.2,3.4407982371562498
861,51,0.9764702524182292,1.0,0.9529405048364583,1.41178485490625,0.2,1.21178485490625
862,52,0.7953110499151042,1.0,0.5906220998302083,12.28133700509375,0.2,12.08133700509375
863,53,0.9393200293807291,1.0,0.8786400587614583,3.64079823715625,0.2,3.4407982371562498
864,54,0.9764702524182292,1.0,0.9529405048364583,1.41178485490625,0.2,1.21178485490625
865,55,0.7953110499151042,1.0,0.5906220998302083,12.28133700509375,0.2,12.08133700509375
866,56,0.9393200293807291,1.0,0.8786400587614583,3.64079823715625,0.2,3.4407982371562498
867,57,0.9764702524182292,1.0,0.9529405048364583,1.41178485490625,0.2,1.21178485490625
868,58,0.7953110499151042,1.0,0.5906220998302083,12.28133700509375,0.2,12.08133700509375
869,59,0.9393200293807291,1.0,0.8786400587614583,3.64079823715625,0.2,3.4407982371562498
870,60,0.7590802524182292,0.56522,0.9529405048364583,1.41178485490625,0.2,1.21178485490625
871,61,0.6810010499151041,0.77138,0.5906220998302083,12.28133700509375,0.2,12.08133700509375
872,62,0.7882100293807291,0.69778,0.8786400587614583,3.64079823715625,0.2,3.4407982371562498
873,63,0.7590802524182292,0.56522,0.9529405048364583,1.41178485490625,0.2,1.21178485490625
874,64,0.6810010499151041,0.77138,0.5906220998302083,12.28133700509375,0.2,12.08133700509375
875,65,0.7882100293807291,0.69778,0.8786400587614583,3.64079823715625,0.2,3.4407982371562498
876,66,0.7590802524182292,0.56522,0.9529405048364583,1.41178485490625,0.2,1.21178485490625
877,67,0.6810010499151041,0.77138,0.5906220998302083,12.28133700509375,0.2,12.08133700509375
878,68,0.7882100293807291,0.69778,0.8786400587614583,3.64079823715625,0.2,3.4407982371562498
879,69,0.7590802524182292,0.56522,0.9529405048364583,1.41178485490625,0.2,1.21178485490625
880,70,0.6810010499151041,0.77138,0.5906220998302083,12.28133700509375,0.2,12.08133700509375
881,71,0.7882100293807291,0.69778,0.8786400587614583,3.64079823715625,0.2,3.4407982371562498
882,72,0.7590802524182292,0.56522,0.9529405048364583,1.41178485490625,0.2,1.21178485490625
883,73,0.6810010499151041,0.77138,0.5906220998302083,12.28133700509375,0.2,12.08133700509375
884,74,0.7882100293807291,0.69778,0.8786400587614583,3.64079823715625,0.2,3.4407982371562498
885,75,0.7590802524182292,0.56522,0.9529405048364583,1.41178485490625,0.2,1.21178485490625
886,76,0.6810010499151041,0.77138,0.5906220998302083,12.28133700509375,0.2,12.08133700509375
887,77,0.7882100293807291,0.69778,0.8786400587614583,3.64079823715625,0.2,3.4407982371562498
888,78,0.7590802524182292,0.56522,0.9529405048364583,1.41178485490625,0.2,1.21178485490625
889,79,0.6810010499151041,0.77138,0.5906220998302083,12.28133700509375,0.2,12.08133700509375
890,80,0.7882100293807291,0.69778,0.8786400587614583,3.64079823715625,0.2,3.4407982371562498
891,81,0.7590802524182292,0.56522,0.9529405048364583,1.41178485490625,0.2,1.21178485490625
892,82,0.6810010499151041,0.77138,0.5906220998302083,12.28133700509375,0.2,12.08133700509375
893,83,0.7882100293807291,0.69778,0.8786400587614583,3.64079823715625,0.2,3.4407982371562498
894,84,0.7590802524182292,0.56522,0.9529405048364583,1.41178485490625,0.2,1.21178485490625
895,85,0.6810010499151041,0.77138,0.5906220998302083,12.28133700509375,0.2,12.08133700509375
896,86,0.7882100293807291,0.69778,0.8786400587614583,3.64079823715625,0.2,3.4407982371562498
897,87,0.7590802524182292,0.56522,0.9529405048364583,1.41178485490625,0.2,1.21178485490625
898,88,0.6810010499151041,0.77138,0.5906220998302083,12.28133700509375,0.2,12.08133700509375
899,89,0.7882100293807291,0.69778,0.8786400587614583,3.64079823715625,0.2,3.4407982371562498
