,index,req_accuracy,req_delay,req_id,served_delay,served_model,served_pred,true_answer,high_acc,low_delay,algorithm,mc_run,client_id,served_model_name,served_accuracy,served_pre_accuracy,post-QoS,QoS
0,0,1.0,0.0,10,0.4999425411224365,3,241,238,True,True,bytearray(b'\x80\x04\x95\x0b\x00\x00\x00\x00\x00\x00\x00\x8c\x07Optimal\x94.'),0,rpi4-1,MobileNet,0.6461538461538462,0.71878,0.5731056525157048,0.8098070827125
1,1,1.0,0.0,11,0.27727198600769043,3,322,322,True,True,bytearray(b'\x80\x04\x95\x0b\x00\x00\x00\x00\x00\x00\x00\x8c\x07Optimal\x94.'),0,rpi4-1,MobileNet,0.6461538461538462,0.71878,0.6844409300730778,0.8098070827125
2,2,1.0,0.0,12,0.2577991485595703,3,208,227,True,True,bytearray(b'\x80\x04\x95\x0b\x00\x00\x00\x00\x00\x00\x00\x8c\x07Optimal\x94.'),0,rpi4-1,MobileNet,0.6461538461538462,0.71878,0.6941773487971379,0.8098070827125
3,3,1.0,0.0,13,0.22077035903930664,3,187,187,True,True,bytearray(b'\x80\x04\x95\x0b\x00\x00\x00\x00\x00\x00\x00\x8c\x07Optimal\x94.'),0,rpi4-1,MobileNet,0.6461538461538462,0.71878,0.7126917435572697,0.8098070827125
4,4,1.0,0.0,14,0.2152118682861328,3,148,2,True,True,bytearray(b'\x80\x04\x95\x0b\x00\x00\x00\x00\x00\x00\x00\x8c\x07Optimal\x94.'),0,rpi4-1,MobileNet,0.6461538461538462,0.71878,0.7154709889338566,0.8098070827125
5,5,1.0,0.0,15,0.21169018745422363,3,32,50,True,True,bytearray(b'\x80\x04\x95\x0b\x00\x00\x00\x00\x00\x00\x00\x8c\x07Optimal\x94.'),0,rpi4-1,MobileNet,0.6461538461538462,0.71878,0.7172318293498112,0.8098070827125
6,6,1.0,0.0,16,0.20254826545715332,3,256,205,True,True,bytearray(b'\x80\x04\x95\x0b\x00\x00\x00\x00\x00\x00\x00\x8c\x07Optimal\x94.'),0,rpi4-1,MobileNet,0.6461538461538462,0.71878,0.7218027903483464,0.8098070827125
7,7,1.0,0.0,17,0.1885824203491211,3,13,13,True,True,bytearray(b'\x80\x04\x95\x0b\x00\x00\x00\x00\x00\x00\x00\x8c\x07Optimal\x94.'),0,rpi4-1,MobileNet,0.6461538461538462,0.71878,0.7287857129023625,0.8098070827125
8,8,1.0,0.0,18,0.25628042221069336,3,296,296,True,True,bytearray(b'\x80\x04\x95\x0b\x00\x00\x00\x00\x00\x00\x00\x8c\x07Optimal\x94.'),0,rpi4-1,MobileNet,0.6461538461538462,0.71878,0.6949367119715764,0.8098070827125
9,9,1.0,0.0,19,0.24347496032714844,3,112,112,True,True,bytearray(b'\x80\x04\x95\x0b\x00\x00\x00\x00\x00\x00\x00\x8c\x07Optimal\x94.'),0,rpi4-1,MobileNet,0.6461538461538462,0.71878,0.7013394429133488,0.8098070827125
10,10,1.0,0.0,10,0.2156844139099121,3,241,238,True,True,bytearray(b'\x80\x04\x95\x07\x00\x00\x00\x00\x00\x00\x00\x8c\x03EGP\x94.'),0,rpi4-1,MobileNet,0.6461538461538462,0.71878,0.715234716121967,0.8098070827125
11,11,1.0,0.0,11,0.2196667194366455,3,322,322,True,True,bytearray(b'\x80\x04\x95\x07\x00\x00\x00\x00\x00\x00\x00\x8c\x03EGP\x94.'),0,rpi4-1,MobileNet,0.6461538461538462,0.71878,0.7132435633586003,0.8098070827125
12,12,1.0,0.0,12,0.22072386741638184,3,208,227,True,True,bytearray(b'\x80\x04\x95\x07\x00\x00\x00\x00\x00\x00\x00\x8c\x03EGP\x94.'),0,rpi4-1,MobileNet,0.6461538461538462,0.71878,0.7127149893687321,0.8098070827125
13,13,1.0,0.0,13,0.21299505233764648,3,187,187,True,True,bytearray(b'\x80\x04\x95\x07\x00\x00\x00\x00\x00\x00\x00\x8c\x03EGP\x94.'),0,rpi4-1,MobileNet,0.6461538461538462,0.71878,0.7165793969080998,0.8098070827125
14,14,1.0,0.0,14,0.23673081398010254,3,148,2,True,True,bytearray(b'\x80\x04\x95\x07\x00\x00\x00\x00\x00\x00\x00\x8c\x03EGP\x94.'),0,rpi4-1,MobileNet,0.6461538461538462,0.71878,0.7047115160868718,0.8098070827125
15,15,1.0,0.0,15,0.19194483757019043,3,32,50,True,True,bytearray(b'\x80\x04\x95\x07\x00\x00\x00\x00\x00\x00\x00\x8c\x03EGP\x94.'),0,rpi4-1,MobileNet,0.6461538461538462,0.71878,0.7271045042918278,0.8098070827125
16,16,1.0,0.0,16,0.20554327964782715,3,256,205,True,True,bytearray(b'\x80\x04\x95\x07\x00\x00\x00\x00\x00\x00\x00\x8c\x03EGP\x94.'),0,rpi4-1,MobileNet,0.6461538461538462,0.71878,0.7203052832530095,0.8098070827125
17,17,1.0,0.0,17,0.24593687057495117,3,13,13,True,True,bytearray(b'\x80\x04\x95\x07\x00\x00\x00\x00\x00\x00\x00\x8c\x03EGP\x94.'),0,rpi4-1,MobileNet,0.6461538461538462,0.71878,0.7001084877894475,0.8098070827125
18,18,1.0,0.0,18,0.2100670337677002,3,296,296,True,True,bytearray(b'\x80\x04\x95\x07\x00\x00\x00\x00\x00\x00\x00\x8c\x03EGP\x94.'),0,rpi4-1,MobileNet,0.6461538461538462,0.71878,0.7180434061930729,0.8098070827125
19,19,1.0,0.0,19,0.18072891235351562,3,112,112,True,True,bytearray(b'\x80\x04\x95\x07\x00\x00\x00\x00\x00\x00\x00\x8c\x03EGP\x94.'),0,rpi4-1,MobileNet,0.6461538461538462,0.71878,0.7327124669001652,0.8098070827125
20,20,1.0,0.0,10,0.24499154090881348,3,241,238,True,True,bytearray(b'\x80\x04\x95\x07\x00\x00\x00\x00\x00\x00\x00\x8c\x03AGP\x94.'),0,rpi4-1,MobileNet,0.6461538461538462,0.71878,0.7005811526225163,0.8098070827125
21,21,1.0,0.0,11,0.21643757820129395,3,322,322,True,True,bytearray(b'\x80\x04\x95\x07\x00\x00\x00\x00\x00\x00\x00\x8c\x03AGP\x94.'),0,rpi4-1,MobileNet,0.6461538461538462,0.71878,0.7148581339762761,0.8098070827125
22,22,1.0,0.0,12,0.20720481872558594,3,208,227,True,True,bytearray(b'\x80\x04\x95\x07\x00\x00\x00\x00\x00\x00\x00\x8c\x03AGP\x94.'),0,rpi4-1,MobileNet,0.6461538461538462,0.71878,0.7194745137141301,0.8098070827125
23,23,1.0,0.0,13,0.25680971145629883,3,187,187,True,True,bytearray(b'\x80\x04\x95\x07\x00\x00\x00\x00\x00\x00\x00\x8c\x03AGP\x94.'),0,rpi4-1,MobileNet,0.6461538461538462,0.71878,0.6946720673487736,0.8098070827125
24,24,1.0,0.0,14,0.20410704612731934,3,148,2,True,True,bytearray(b'\x80\x04\x95\x07\x00\x00\x00\x00\x00\x00\x00\x8c\x03AGP\x94.'),0,rpi4-1,MobileNet,0.6461538461538462,0.71878,0.7210234000132634,0.8098070827125
25,25,1.0,0.0,15,0.20986056327819824,3,32,50,True,True,bytearray(b'\x80\x04\x95\x07\x00\x00\x00\x00\x00\x00\x00\x8c\x03AGP\x94.'),0,rpi4-1,MobileNet,0.6461538461538462,0.71878,0.7181466414378239,0.8098070827125
26,26,1.0,0.0,16,0.18235301971435547,3,256,205,True,True,bytearray(b'\x80\x04\x95\x07\x00\x00\x00\x00\x00\x00\x00\x8c\x03AGP\x94.'),0,rpi4-1,MobileNet,0.6461538461538462,0.71878,0.7319004132197453,0.8098070827125
27,27,1.0,0.0,17,0.1980605125427246,3,13,13,True,True,bytearray(b'\x80\x04\x95\x07\x00\x00\x00\x00\x00\x00\x00\x8c\x03AGP\x94.'),0,rpi4-1,MobileNet,0.6461538461538462,0.71878,0.7240466668055607,0.8098070827125
28,28,1.0,0.0,18,0.19567489624023438,3,296,296,True,True,bytearray(b'\x80\x04\x95\x07\x00\x00\x00\x00\x00\x00\x00\x8c\x03AGP\x94.'),0,rpi4-1,MobileNet,0.6461538461538462,0.71878,0.7252394749568059,0.8098070827125
29,29,1.0,0.0,19,0.2051684856414795,3,112,112,True,True,bytearray(b'\x80\x04\x95\x07\x00\x00\x00\x00\x00\x00\x00\x8c\x03AGP\x94.'),0,rpi4-1,MobileNet,0.6461538461538462,0.71878,0.7204926802561833,0.8098070827125
30,30,1.0,0.0,10,0.21567082405090332,3,241,238,True,True,bytearray(b'\x80\x04\x95\x0c\x00\x00\x00\x00\x00\x00\x00\x8c\x08Knapsack\x94.'),0,rpi4-1,MobileNet,0.6461538461538462,0.71878,0.7152415110514714,0.8098070827125
31,31,1.0,0.0,11,0.19281244277954102,3,322,322,True,True,bytearray(b'\x80\x04\x95\x0c\x00\x00\x00\x00\x00\x00\x00\x8c\x08Knapsack\x94.'),0,rpi4-1,MobileNet,0.6461538461538462,0.71878,0.7266707016871525,0.8098070827125
32,32,1.0,0.0,12,0.20437407493591309,3,208,227,True,True,bytearray(b'\x80\x04\x95\x0c\x00\x00\x00\x00\x00\x00\x00\x8c\x08Knapsack\x94.'),0,rpi4-1,MobileNet,0.6461538461538462,0.71878,0.7208898856089665,0.8098070827125
33,33,1.0,0.0,13,0.2150435447692871,3,187,187,True,True,bytearray(b'\x80\x04\x95\x0c\x00\x00\x00\x00\x00\x00\x00\x8c\x08Knapsack\x94.'),0,rpi4-1,MobileNet,0.6461538461538462,0.71878,0.7155551506922795,0.8098070827125
34,34,1.0,0.0,14,0.19925427436828613,3,148,2,True,True,bytearray(b'\x80\x04\x95\x0c\x00\x00\x00\x00\x00\x00\x00\x8c\x08Knapsack\x94.'),0,rpi4-1,MobileNet,0.6461538461538462,0.71878,0.72344978589278,0.8098070827125
35,35,1.0,0.0,15,0.19187355041503906,3,32,50,True,True,bytearray(b'\x80\x04\x95\x0c\x00\x00\x00\x00\x00\x00\x00\x8c\x08Knapsack\x94.'),0,rpi4-1,MobileNet,0.6461538461538462,0.71878,0.7271401478694035,0.8098070827125
36,36,1.0,0.0,16,0.2692255973815918,3,256,205,True,True,bytearray(b'\x80\x04\x95\x0c\x00\x00\x00\x00\x00\x00\x00\x8c\x08Knapsack\x94.'),0,rpi4-1,MobileNet,0.6461538461538462,0.71878,0.6884641243861271,0.8098070827125
37,37,1.0,0.0,17,0.24188923835754395,3,13,13,True,True,bytearray(b'\x80\x04\x95\x0c\x00\x00\x00\x00\x00\x00\x00\x8c\x08Knapsack\x94.'),0,rpi4-1,MobileNet,0.6461538461538462,0.71878,0.7021323038981511,0.8098070827125
38,38,1.0,0.0,18,0.19452118873596191,3,296,296,True,True,bytearray(b'\x80\x04\x95\x0c\x00\x00\x00\x00\x00\x00\x00\x8c\x08Knapsack\x94.'),0,rpi4-1,MobileNet,0.6461538461538462,0.71878,0.7258163287089421,0.8098070827125
39,39,1.0,0.0,19,0.18947362899780273,3,112,112,True,True,bytearray(b'\x80\x04\x95\x0c\x00\x00\x00\x00\x00\x00\x00\x8c\x08Knapsack\x94.'),0,rpi4-1,MobileNet,0.6461538461538462,0.71878,0.7283401085780217,0.8098070827125
40,40,1.0,0.0,10,0.6264102458953857,1,240,238,True,True,bytearray(b'\x80\x04\x95\n\x00\x00\x00\x00\x00\x00\x00\x8c\x06Random\x94.'),0,rpi4-1,DenseNet,0.7777777777777778,0.77138,0.575683765941196,0.48297776649687496
41,41,1.0,0.0,11,0.20117521286010742,3,322,322,True,True,bytearray(b'\x80\x04\x95\n\x00\x00\x00\x00\x00\x00\x00\x8c\x06Random\x94.'),0,rpi4-1,MobileNet,0.6461538461538462,0.71878,0.7224893166468693,0.8098070827125
42,42,1.0,0.0,12,0.23336505889892578,4,208,227,True,True,bytearray(b'\x80\x04\x95\n\x00\x00\x00\x00\x00\x00\x00\x8c\x06Random\x94.'),0,rpi4-1,ResNet,0.7272727272727273,0.69758,0.7469538341869008,0.76534232088125
43,43,1.0,0.0,13,0.19998741149902344,3,187,187,True,True,bytearray(b'\x80\x04\x95\n\x00\x00\x00\x00\x00\x00\x00\x8c\x06Random\x94.'),0,rpi4-1,MobileNet,0.6461538461538462,0.71878,0.7230832173274113,0.8098070827125
44,44,1.0,0.0,14,0.2594437599182129,2,148,2,True,True,bytearray(b'\x80\x04\x95\n\x00\x00\x00\x00\x00\x00\x00\x8c\x06Random\x94.'),0,rpi4-1,GoogLeNet,0.5333333333333333,0.69778,0.6369447867075602,0.7341957254281251
45,45,1.0,0.0,15,0.2279033660888672,4,50,50,True,True,bytearray(b'\x80\x04\x95\n\x00\x00\x00\x00\x00\x00\x00\x8c\x06Random\x94.'),0,rpi4-1,ResNet,0.7272727272727273,0.69758,0.74968468059193,0.76534232088125
46,46,1.0,0.0,16,0.2901120185852051,2,205,205,True,True,bytearray(b'\x80\x04\x95\n\x00\x00\x00\x00\x00\x00\x00\x8c\x06Random\x94.'),0,rpi4-1,GoogLeNet,0.5333333333333333,0.69778,0.6216106573740641,0.7341957254281251
47,47,1.0,0.0,17,0.24202275276184082,4,13,13,True,True,bytearray(b'\x80\x04\x95\n\x00\x00\x00\x00\x00\x00\x00\x8c\x06Random\x94.'),0,rpi4-1,ResNet,0.7272727272727273,0.69758,0.7426249872554432,0.76534232088125
48,48,1.0,0.0,18,0.21556973457336426,5,296,296,True,True,bytearray(b'\x80\x04\x95\n\x00\x00\x00\x00\x00\x00\x00\x8c\x06Random\x94.'),0,rpi4-1,SqueezeNet,0.6,0.58092,0.6922151327133179,0.723631531590625
49,49,1.0,0.0,19,0.5176718235015869,1,112,112,True,True,bytearray(b'\x80\x04\x95\n\x00\x00\x00\x00\x00\x00\x00\x8c\x06Random\x94.'),0,rpi4-1,DenseNet,0.7777777777777778,0.77138,0.6300529771380954,0.48297776649687496
50,50,1.0,0.0,10,0.2076554298400879,3,185,185,True,True,bytearray(b'\x80\x04\x95\x0b\x00\x00\x00\x00\x00\x00\x00\x8c\x07Optimal\x94.'),1,rpi4-1,MobileNet,0.6461538461538462,0.71878,0.7192492081568791,0.8098070827125
51,51,1.0,0.0,11,0.20580196380615234,3,257,222,True,True,bytearray(b'\x80\x04\x95\x0b\x00\x00\x00\x00\x00\x00\x00\x8c\x07Optimal\x94.'),1,rpi4-1,MobileNet,0.6461538461538462,0.71878,0.7201759411738469,0.8098070827125
52,52,1.0,0.0,12,0.19166827201843262,3,288,293,True,True,bytearray(b'\x80\x04\x95\x0b\x00\x00\x00\x00\x00\x00\x00\x8c\x07Optimal\x94.'),1,rpi4-1,MobileNet,0.6461538461538462,0.71878,0.7272427870677067,0.8098070827125
53,53,1.0,0.0,13,0.20443344116210938,3,227,227,True,True,bytearray(b'\x80\x04\x95\x0b\x00\x00\x00\x00\x00\x00\x00\x8c\x07Optimal\x94.'),1,rpi4-1,MobileNet,0.6461538461538462,0.71878,0.7208602024958684,0.8098070827125
54,54,1.0,0.0,14,0.19952845573425293,3,77,126,True,True,bytearray(b'\x80\x04\x95\x0b\x00\x00\x00\x00\x00\x00\x00\x8c\x07Optimal\x94.'),1,rpi4-1,MobileNet,0.6461538461538462,0.71878,0.7233126952097966,0.8098070827125
55,55,1.0,0.0,15,0.2757582664489746,3,325,325,True,True,bytearray(b'\x80\x04\x95\x0b\x00\x00\x00\x00\x00\x00\x00\x8c\x07Optimal\x94.'),1,rpi4-1,MobileNet,0.6461538461538462,0.71878,0.6851977898524357,0.8098070827125
56,56,1.0,0.0,16,0.22014498710632324,3,265,265,True,True,bytearray(b'\x80\x04\x95\x0b\x00\x00\x00\x00\x00\x00\x00\x8c\x07Optimal\x94.'),1,rpi4-1,MobileNet,0.6461538461538462,0.71878,0.7130044295237614,0.8098070827125
57,57,1.0,0.0,17,0.2374269962310791,3,272,272,True,True,bytearray(b'\x80\x04\x95\x0b\x00\x00\x00\x00\x00\x00\x00\x8c\x07Optimal\x94.'),1,rpi4-1,MobileNet,0.6461538461538462,0.71878,0.7043634249613835,0.8098070827125
58,58,1.0,0.0,18,0.1902003288269043,3,150,150,True,True,bytearray(b'\x80\x04\x95\x0b\x00\x00\x00\x00\x00\x00\x00\x8c\x07Optimal\x94.'),1,rpi4-1,MobileNet,0.6461538461538462,0.71878,0.7279767586634709,0.8098070827125
59,59,1.0,0.0,19,0.18844985961914062,3,95,95,True,True,bytearray(b'\x80\x04\x95\x0b\x00\x00\x00\x00\x00\x00\x00\x8c\x07Optimal\x94.'),1,rpi4-1,MobileNet,0.6461538461538462,0.71878,0.7288519932673527,0.8098070827125
60,60,1.0,0.0,10,0.23707294464111328,3,185,185,True,True,bytearray(b'\x80\x04\x95\x07\x00\x00\x00\x00\x00\x00\x00\x8c\x03EGP\x94.'),1,rpi4-1,MobileNet,0.6461538461538462,0.71878,0.7045404507563664,0.8098070827125
61,61,1.0,0.0,11,0.19162368774414062,3,257,222,True,True,bytearray(b'\x80\x04\x95\x07\x00\x00\x00\x00\x00\x00\x00\x8c\x03EGP\x94.'),1,rpi4-1,MobileNet,0.6461538461538462,0.71878,0.7272650792048527,0.8098070827125
62,62,1.0,0.0,12,0.18600225448608398,3,288,293,True,True,bytearray(b'\x80\x04\x95\x07\x00\x00\x00\x00\x00\x00\x00\x8c\x03EGP\x94.'),1,rpi4-1,MobileNet,0.6461538461538462,0.71878,0.730075795833881,0.8098070827125
63,63,1.0,0.0,13,0.1896834373474121,3,227,227,True,True,bytearray(b'\x80\x04\x95\x07\x00\x00\x00\x00\x00\x00\x00\x8c\x03EGP\x94.'),1,rpi4-1,MobileNet,0.6461538461538462,0.71878,0.728235204403217,0.8098070827125
64,64,1.0,0.0,14,0.20094013214111328,3,77,126,True,True,bytearray(b'\x80\x04\x95\x07\x00\x00\x00\x00\x00\x00\x00\x8c\x03EGP\x94.'),1,rpi4-1,MobileNet,0.6461538461538462,0.71878,0.7226068570063664,0.8098070827125
65,65,1.0,0.0,15,0.20117735862731934,3,325,325,True,True,bytearray(b'\x80\x04\x95\x07\x00\x00\x00\x00\x00\x00\x00\x8c\x03EGP\x94.'),1,rpi4-1,MobileNet,0.6461538461538462,0.71878,0.7224882437632634,0.8098070827125
66,66,1.0,0.0,16,0.19293522834777832,3,265,265,True,True,bytearray(b'\x80\x04\x95\x07\x00\x00\x00\x00\x00\x00\x00\x8c\x03EGP\x94.'),1,rpi4-1,MobileNet,0.6461538461538462,0.71878,0.7266093089030339,0.8098070827125
67,67,1.0,0.0,17,0.1810007095336914,3,272,272,True,True,bytearray(b'\x80\x04\x95\x07\x00\x00\x00\x00\x00\x00\x00\x8c\x03EGP\x94.'),1,rpi4-1,MobileNet,0.6461538461538462,0.71878,0.7325765683100773,0.8098070827125
68,68,1.0,0.0,18,0.19579029083251953,3,150,150,True,True,bytearray(b'\x80\x04\x95\x07\x00\x00\x00\x00\x00\x00\x00\x8c\x03EGP\x94.'),1,rpi4-1,MobileNet,0.6461538461538462,0.71878,0.7251817776606633,0.8098070827125
69,69,1.0,0.0,19,0.22015619277954102,3,95,95,True,True,bytearray(b'\x80\x04\x95\x07\x00\x00\x00\x00\x00\x00\x00\x8c\x03EGP\x94.'),1,rpi4-1,MobileNet,0.6461538461538462,0.71878,0.7129988266871525,0.8098070827125
70,70,1.0,0.0,10,0.23941755294799805,3,185,185,True,True,bytearray(b'\x80\x04\x95\x07\x00\x00\x00\x00\x00\x00\x00\x8c\x03AGP\x94.'),1,rpi4-1,MobileNet,0.6461538461538462,0.71878,0.703368146602924,0.8098070827125
71,71,1.0,0.0,11,0.27334165573120117,3,257,222,True,True,bytearray(b'\x80\x04\x95\x07\x00\x00\x00\x00\x00\x00\x00\x8c\x03AGP\x94.'),1,rpi4-1,MobileNet,0.6461538461538462,0.71878,0.6864060952113225,0.8098070827125
72,72,1.0,0.0,12,0.19053936004638672,3,288,293,True,True,bytearray(b'\x80\x04\x95\x07\x00\x00\x00\x00\x00\x00\x00\x8c\x03AGP\x94.'),1,rpi4-1,MobileNet,0.6461538461538462,0.71878,0.7278072430537297,0.8098070827125
73,73,1.0,0.0,13,0.20352840423583984,3,227,227,True,True,bytearray(b'\x80\x04\x95\x07\x00\x00\x00\x00\x00\x00\x00\x8c\x03AGP\x94.'),1,rpi4-1,MobileNet,0.6461538461538462,0.71878,0.7213127209590031,0.8098070827125
74,74,1.0,0.0,14,0.2054896354675293,3,77,126,True,True,bytearray(b'\x80\x04\x95\x07\x00\x00\x00\x00\x00\x00\x00\x8c\x03AGP\x94.'),1,rpi4-1,MobileNet,0.6461538461538462,0.71878,0.7203321053431584,0.8098070827125
75,75,1.0,0.0,15,0.20626258850097656,3,325,325,True,True,bytearray(b'\x80\x04\x95\x07\x00\x00\x00\x00\x00\x00\x00\x8c\x03AGP\x94.'),1,rpi4-1,MobileNet,0.6461538461538462,0.71878,0.7199456288264348,0.8098070827125
76,76,1.0,0.0,16,0.23966026306152344,3,265,265,True,True,bytearray(b'\x80\x04\x95\x07\x00\x00\x00\x00\x00\x00\x00\x8c\x03AGP\x94.'),1,rpi4-1,MobileNet,0.6461538461538462,0.71878,0.7032467915461613,0.8098070827125
77,77,1.0,0.0,17,0.22202038764953613,3,272,272,True,True,bytearray(b'\x80\x04\x95\x07\x00\x00\x00\x00\x00\x00\x00\x8c\x03AGP\x94.'),1,rpi4-1,MobileNet,0.6461538461538462,0.71878,0.712066729252155,0.8098070827125
78,78,1.0,0.0,18,0.1937119960784912,3,150,150,True,True,bytearray(b'\x80\x04\x95\x07\x00\x00\x00\x00\x00\x00\x00\x8c\x03AGP\x94.'),1,rpi4-1,MobileNet,0.6461538461538462,0.71878,0.7262209250376774,0.8098070827125
79,79,1.0,0.0,19,0.188307523727417,3,95,95,True,True,bytearray(b'\x80\x04\x95\x07\x00\x00\x00\x00\x00\x00\x00\x8c\x03AGP\x94.'),1,rpi4-1,MobileNet,0.6461538461538462,0.71878,0.7289231612132145,0.8098070827125
80,80,1.0,0.0,10,0.22207999229431152,3,185,185,True,True,bytearray(b'\x80\x04\x95\x0c\x00\x00\x00\x00\x00\x00\x00\x8c\x08Knapsack\x94.'),1,rpi4-1,MobileNet,0.6461538461538462,0.71878,0.7120369269297673,0.8098070827125
81,81,1.0,0.0,11,0.19791698455810547,3,257,222,True,True,bytearray(b'\x80\x04\x95\x0c\x00\x00\x00\x00\x00\x00\x00\x8c\x08Knapsack\x94.'),1,rpi4-1,MobileNet,0.6461538461538462,0.71878,0.7241184307978703,0.8098070827125
82,82,1.0,0.0,12,0.2142624855041504,3,288,293,True,True,bytearray(b'\x80\x04\x95\x0c\x00\x00\x00\x00\x00\x00\x00\x8c\x08Knapsack\x94.'),1,rpi4-1,MobileNet,0.6461538461538462,0.71878,0.7159456803248478,0.8098070827125
83,83,1.0,0.0,13,0.20895767211914062,3,227,227,True,True,bytearray(b'\x80\x04\x95\x0c\x00\x00\x00\x00\x00\x00\x00\x8c\x08Knapsack\x94.'),1,rpi4-1,MobileNet,0.6461538461538462,0.71878,0.7185980870173527,0.8098070827125
84,84,1.0,0.0,14,0.19376540184020996,3,77,126,True,True,bytearray(b'\x80\x04\x95\x0c\x00\x00\x00\x00\x00\x00\x00\x8c\x08Knapsack\x94.'),1,rpi4-1,MobileNet,0.6461538461538462,0.71878,0.7261942221568181,0.8098070827125
85,85,1.0,0.0,15,0.20836138725280762,3,325,325,True,True,bytearray(b'\x80\x04\x95\x0c\x00\x00\x00\x00\x00\x00\x00\x8c\x08Knapsack\x94.'),1,rpi4-1,MobileNet,0.6461538461538462,0.71878,0.7188962294505192,0.8098070827125
86,86,1.0,0.0,16,0.21188616752624512,3,265,265,True,True,bytearray(b'\x80\x04\x95\x0c\x00\x00\x00\x00\x00\x00\x00\x8c\x08Knapsack\x94.'),1,rpi4-1,MobileNet,0.6461538461538462,0.71878,0.7171338393138005,0.8098070827125
87,87,1.0,0.0,17,0.1962747573852539,3,272,272,True,True,bytearray(b'\x80\x04\x95\x0c\x00\x00\x00\x00\x00\x00\x00\x8c\x08Knapsack\x94.'),1,rpi4-1,MobileNet,0.6461538461538462,0.71878,0.7249395443842961,0.8098070827125
88,88,1.0,0.0,18,0.20425081253051758,3,150,150,True,True,bytearray(b'\x80\x04\x95\x0c\x00\x00\x00\x00\x00\x00\x00\x8c\x08Knapsack\x94.'),1,rpi4-1,MobileNet,0.6461538461538462,0.71878,0.7209515168116643,0.8098070827125
89,89,1.0,0.0,19,0.19221735000610352,3,95,95,True,True,bytearray(b'\x80\x04\x95\x0c\x00\x00\x00\x00\x00\x00\x00\x8c\x08Knapsack\x94.'),1,rpi4-1,MobileNet,0.6461538461538462,0.71878,0.7269682480738713,0.8098070827125
90,90,1.0,0.0,10,0.5302777290344238,1,185,185,True,True,bytearray(b'\x80\x04\x95\n\x00\x00\x00\x00\x00\x00\x00\x8c\x06Random\x94.'),1,rpi4-1,DenseNet,0.7777777777777778,0.77138,0.6237500243716769,0.48297776649687496
91,91,1.0,0.0,11,0.20187640190124512,3,257,222,True,True,bytearray(b'\x80\x04\x95\n\x00\x00\x00\x00\x00\x00\x00\x8c\x06Random\x94.'),1,rpi4-1,MobileNet,0.6461538461538462,0.71878,0.7221387221263005,0.8098070827125
92,92,1.0,0.0,12,0.2738049030303955,2,288,293,True,True,bytearray(b'\x80\x04\x95\n\x00\x00\x00\x00\x00\x00\x00\x8c\x06Random\x94.'),1,rpi4-1,GoogLeNet,0.5333333333333333,0.69778,0.6297642151514689,0.7341957254281251
93,93,1.0,0.0,13,0.27604198455810547,2,227,227,True,True,bytearray(b'\x80\x04\x95\n\x00\x00\x00\x00\x00\x00\x00\x8c\x06Random\x94.'),1,rpi4-1,GoogLeNet,0.5333333333333333,0.69778,0.6286456743876139,0.7341957254281251
94,94,1.0,0.0,14,0.1907825469970703,3,77,126,True,True,bytearray(b'\x80\x04\x95\n\x00\x00\x00\x00\x00\x00\x00\x8c\x06Random\x94.'),1,rpi4-1,MobileNet,0.6461538461538462,0.71878,0.7276856495783879,0.8098070827125
95,95,1.0,0.0,15,0.20489025115966797,5,325,325,True,True,bytearray(b'\x80\x04\x95\n\x00\x00\x00\x00\x00\x00\x00\x8c\x06Random\x94.'),1,rpi4-1,SqueezeNet,0.6,0.58092,0.6975548744201661,0.723631531590625
96,96,1.0,0.0,16,0.17359471321105957,3,265,265,True,True,bytearray(b'\x80\x04\x95\n\x00\x00\x00\x00\x00\x00\x00\x8c\x06Random\x94.'),1,rpi4-1,MobileNet,0.6461538461538462,0.71878,0.7362795664713933,0.8098070827125
97,97,1.0,0.0,17,0.22993683815002441,4,272,272,True,True,bytearray(b'\x80\x04\x95\n\x00\x00\x00\x00\x00\x00\x00\x8c\x06Random\x94.'),1,rpi4-1,ResNet,0.7272727272727273,0.69758,0.7486679445613514,0.76534232088125
98,98,1.0,0.0,18,0.2520890235900879,2,150,150,True,True,bytearray(b'\x80\x04\x95\n\x00\x00\x00\x00\x00\x00\x00\x8c\x06Random\x94.'),1,rpi4-1,GoogLeNet,0.5333333333333333,0.69778,0.6406221548716227,0.7341957254281251
99,99,1.0,0.0,19,0.24395966529846191,4,95,95,True,True,bytearray(b'\x80\x04\x95\n\x00\x00\x00\x00\x00\x00\x00\x8c\x06Random\x94.'),1,rpi4-1,ResNet,0.7272727272727273,0.69758,0.7416565309871327,0.76534232088125
100,100,0.5,0.0,20,0.6664750576019287,0,378,381,False,True,bytearray(b'\x80\x04\x95\x0b\x00\x00\x00\x00\x00\x00\x00\x8c\x07Optimal\x94.'),0,jetson,AlexNet,0.4,0.56522,0.6167624711990356,0.959606171503125
101,101,0.5,0.0,21,0.25873899459838867,0,412,653,False,True,bytearray(b'\x80\x04\x95\x0b\x00\x00\x00\x00\x00\x00\x00\x8c\x07Optimal\x94.'),0,jetson,AlexNet,0.4,0.56522,0.8206305027008056,0.959606171503125
102,102,0.5,0.0,22,0.3342306613922119,0,136,357,False,True,bytearray(b'\x80\x04\x95\x0b\x00\x00\x00\x00\x00\x00\x00\x8c\x07Optimal\x94.'),0,jetson,AlexNet,0.4,0.56522,0.782884669303894,0.959606171503125
103,103,0.5,0.0,23,0.23323273658752441,0,365,365,False,True,bytearray(b'\x80\x04\x95\x0b\x00\x00\x00\x00\x00\x00\x00\x8c\x07Optimal\x94.'),0,jetson,AlexNet,0.4,0.56522,0.8333836317062377,0.959606171503125
104,104,0.5,0.0,24,0.23304367065429688,0,614,643,False,True,bytearray(b'\x80\x04\x95\x0b\x00\x00\x00\x00\x00\x00\x00\x8c\x07Optimal\x94.'),0,jetson,AlexNet,0.4,0.56522,0.8334781646728515,0.959606171503125
105,105,0.5,0.0,25,0.1862320899963379,0,583,583,False,True,bytearray(b'\x80\x04\x95\x0b\x00\x00\x00\x00\x00\x00\x00\x8c\x07Optimal\x94.'),0,jetson,AlexNet,0.4,0.56522,0.856883955001831,0.959606171503125
106,106,0.5,0.0,26,0.16735124588012695,0,502,630,False,True,bytearray(b'\x80\x04\x95\x0b\x00\x00\x00\x00\x00\x00\x00\x8c\x07Optimal\x94.'),0,jetson,AlexNet,0.4,0.56522,0.8663243770599365,0.959606171503125
107,107,0.5,0.0,27,0.16394281387329102,0,373,373,False,True,bytearray(b'\x80\x04\x95\x0b\x00\x00\x00\x00\x00\x00\x00\x8c\x07Optimal\x94.'),0,jetson,AlexNet,0.4,0.56522,0.8680285930633544,0.959606171503125
108,108,0.5,0.0,28,0.17100071907043457,0,720,438,False,True,bytearray(b'\x80\x04\x95\x0b\x00\x00\x00\x00\x00\x00\x00\x8c\x07Optimal\x94.'),0,jetson,AlexNet,0.4,0.56522,0.8644996404647827,0.959606171503125
109,109,0.5,0.0,29,0.14127874374389648,0,38,419,False,True,bytearray(b'\x80\x04\x95\x0b\x00\x00\x00\x00\x00\x00\x00\x8c\x07Optimal\x94.'),0,jetson,AlexNet,0.4,0.56522,0.8793606281280517,0.959606171503125
110,110,0.5,0.0,20,0.24548053741455078,0,378,381,False,True,bytearray(b'\x80\x04\x95\x07\x00\x00\x00\x00\x00\x00\x00\x8c\x03EGP\x94.'),0,jetson,AlexNet,0.4,0.56522,0.8272597312927246,0.959606171503125
111,111,0.5,0.0,21,0.18404650688171387,0,412,653,False,True,bytearray(b'\x80\x04\x95\x07\x00\x00\x00\x00\x00\x00\x00\x8c\x03EGP\x94.'),0,jetson,AlexNet,0.4,0.56522,0.857976746559143,0.959606171503125
112,112,0.5,0.0,22,0.1498255729675293,0,136,357,False,True,bytearray(b'\x80\x04\x95\x07\x00\x00\x00\x00\x00\x00\x00\x8c\x03EGP\x94.'),0,jetson,AlexNet,0.4,0.56522,0.8750872135162353,0.959606171503125
113,113,0.5,0.0,23,0.16412138938903809,0,365,365,False,True,bytearray(b'\x80\x04\x95\x07\x00\x00\x00\x00\x00\x00\x00\x8c\x03EGP\x94.'),0,jetson,AlexNet,0.4,0.56522,0.8679393053054809,0.959606171503125
114,114,0.5,0.0,24,0.19037127494812012,0,614,643,False,True,bytearray(b'\x80\x04\x95\x07\x00\x00\x00\x00\x00\x00\x00\x8c\x03EGP\x94.'),0,jetson,AlexNet,0.4,0.56522,0.8548143625259399,0.959606171503125
115,115,0.5,0.0,25,0.15490007400512695,0,583,583,False,True,bytearray(b'\x80\x04\x95\x07\x00\x00\x00\x00\x00\x00\x00\x8c\x03EGP\x94.'),0,jetson,AlexNet,0.4,0.56522,0.8725499629974365,0.959606171503125
116,116,0.5,0.0,26,0.126373291015625,0,502,630,False,True,bytearray(b'\x80\x04\x95\x07\x00\x00\x00\x00\x00\x00\x00\x8c\x03EGP\x94.'),0,jetson,AlexNet,0.4,0.56522,0.8868133544921875,0.959606171503125
117,117,0.5,0.0,27,0.14827227592468262,0,373,373,False,True,bytearray(b'\x80\x04\x95\x07\x00\x00\x00\x00\x00\x00\x00\x8c\x03EGP\x94.'),0,jetson,AlexNet,0.4,0.56522,0.8758638620376586,0.959606171503125
118,118,0.5,0.0,28,0.1315462589263916,0,720,438,False,True,bytearray(b'\x80\x04\x95\x07\x00\x00\x00\x00\x00\x00\x00\x8c\x03EGP\x94.'),0,jetson,AlexNet,0.4,0.56522,0.8842268705368042,0.959606171503125
119,119,0.5,0.0,29,0.13094472885131836,0,38,419,False,True,bytearray(b'\x80\x04\x95\x07\x00\x00\x00\x00\x00\x00\x00\x8c\x03EGP\x94.'),0,jetson,AlexNet,0.4,0.56522,0.8845276355743408,0.959606171503125
120,120,0.5,0.0,20,0.27200794219970703,0,378,381,False,True,bytearray(b'\x80\x04\x95\x07\x00\x00\x00\x00\x00\x00\x00\x8c\x03AGP\x94.'),0,jetson,AlexNet,0.4,0.56522,0.8139960289001464,0.959606171503125
121,121,0.5,0.0,21,0.16798686981201172,0,412,653,False,True,bytearray(b'\x80\x04\x95\x07\x00\x00\x00\x00\x00\x00\x00\x8c\x03AGP\x94.'),0,jetson,AlexNet,0.4,0.56522,0.8660065650939941,0.959606171503125
122,122,0.5,0.0,22,0.14865446090698242,0,136,357,False,True,bytearray(b'\x80\x04\x95\x07\x00\x00\x00\x00\x00\x00\x00\x8c\x03AGP\x94.'),0,jetson,AlexNet,0.4,0.56522,0.8756727695465087,0.959606171503125
123,123,0.5,0.0,23,0.12935757637023926,0,365,365,False,True,bytearray(b'\x80\x04\x95\x07\x00\x00\x00\x00\x00\x00\x00\x8c\x03AGP\x94.'),0,jetson,AlexNet,0.4,0.56522,0.8853212118148803,0.959606171503125
124,124,0.5,0.0,24,0.12822866439819336,0,614,643,False,True,bytearray(b'\x80\x04\x95\x07\x00\x00\x00\x00\x00\x00\x00\x8c\x03AGP\x94.'),0,jetson,AlexNet,0.4,0.56522,0.8858856678009033,0.959606171503125
125,125,0.5,0.0,25,0.16178035736083984,0,583,583,False,True,bytearray(b'\x80\x04\x95\x07\x00\x00\x00\x00\x00\x00\x00\x8c\x03AGP\x94.'),0,jetson,AlexNet,0.4,0.56522,0.86910982131958,0.959606171503125
126,126,0.5,0.0,26,0.13196563720703125,0,502,630,False,True,bytearray(b'\x80\x04\x95\x07\x00\x00\x00\x00\x00\x00\x00\x8c\x03AGP\x94.'),0,jetson,AlexNet,0.4,0.56522,0.8840171813964843,0.959606171503125
127,127,0.5,0.0,27,0.11410784721374512,0,373,373,False,True,bytearray(b'\x80\x04\x95\x07\x00\x00\x00\x00\x00\x00\x00\x8c\x03AGP\x94.'),0,jetson,AlexNet,0.4,0.56522,0.8929460763931274,0.959606171503125
128,128,0.5,0.0,28,0.13457179069519043,0,720,438,False,True,bytearray(b'\x80\x04\x95\x07\x00\x00\x00\x00\x00\x00\x00\x8c\x03AGP\x94.'),0,jetson,AlexNet,0.4,0.56522,0.8827141046524047,0.959606171503125
129,129,0.5,0.0,29,0.17977428436279297,0,38,419,False,True,bytearray(b'\x80\x04\x95\x07\x00\x00\x00\x00\x00\x00\x00\x8c\x03AGP\x94.'),0,jetson,AlexNet,0.4,0.56522,0.8601128578186035,0.959606171503125
130,130,0.5,0.0,20,0.20895600318908691,3,381,381,False,True,bytearray(b'\x80\x04\x95\x0c\x00\x00\x00\x00\x00\x00\x00\x8c\x08Knapsack\x94.'),0,jetson,MobileNet,0.6461538461538462,0.71878,0.8955219984054565,0.9504170827125
131,131,0.5,0.0,21,0.1772305965423584,3,653,653,False,True,bytearray(b'\x80\x04\x95\x0c\x00\x00\x00\x00\x00\x00\x00\x8c\x08Knapsack\x94.'),0,jetson,MobileNet,0.6461538461538462,0.71878,0.9113847017288208,0.9504170827125
132,132,0.5,0.0,22,0.17375707626342773,3,136,357,False,True,bytearray(b'\x80\x04\x95\x0c\x00\x00\x00\x00\x00\x00\x00\x8c\x08Knapsack\x94.'),0,jetson,MobileNet,0.6461538461538462,0.71878,0.9131214618682861,0.9504170827125
133,133,0.5,0.0,23,0.14017534255981445,3,365,365,False,True,bytearray(b'\x80\x04\x95\x0c\x00\x00\x00\x00\x00\x00\x00\x8c\x08Knapsack\x94.'),0,jetson,MobileNet,0.6461538461538462,0.71878,0.9299123287200928,0.9504170827125
134,134,0.5,0.0,24,0.1303997039794922,3,614,643,False,True,bytearray(b'\x80\x04\x95\x0c\x00\x00\x00\x00\x00\x00\x00\x8c\x08Knapsack\x94.'),0,jetson,MobileNet,0.6461538461538462,0.71878,0.9348001480102539,0.9504170827125
135,135,0.5,0.0,25,0.14478158950805664,3,583,583,False,True,bytearray(b'\x80\x04\x95\x0c\x00\x00\x00\x00\x00\x00\x00\x8c\x08Knapsack\x94.'),0,jetson,MobileNet,0.6461538461538462,0.71878,0.9276092052459717,0.9504170827125
136,136,0.5,0.0,26,0.17249751091003418,3,630,630,False,True,bytearray(b'\x80\x04\x95\x0c\x00\x00\x00\x00\x00\x00\x00\x8c\x08Knapsack\x94.'),0,jetson,MobileNet,0.6461538461538462,0.71878,0.9137512445449829,0.9504170827125
137,137,0.5,0.0,27,0.1592402458190918,3,373,373,False,True,bytearray(b'\x80\x04\x95\x0c\x00\x00\x00\x00\x00\x00\x00\x8c\x08Knapsack\x94.'),0,jetson,MobileNet,0.6461538461538462,0.71878,0.9203798770904541,0.9504170827125
138,138,0.5,0.0,28,0.1374368667602539,3,438,438,False,True,bytearray(b'\x80\x04\x95\x0c\x00\x00\x00\x00\x00\x00\x00\x8c\x08Knapsack\x94.'),0,jetson,MobileNet,0.6461538461538462,0.71878,0.931281566619873,0.9504170827125
139,139,0.5,0.0,29,0.149183988571167,3,419,419,False,True,bytearray(b'\x80\x04\x95\x0c\x00\x00\x00\x00\x00\x00\x00\x8c\x08Knapsack\x94.'),0,jetson,MobileNet,0.6461538461538462,0.71878,0.9254080057144165,0.9504170827125
140,140,0.5,0.0,20,0.6109211444854736,1,382,381,False,True,bytearray(b'\x80\x04\x95\n\x00\x00\x00\x00\x00\x00\x00\x8c\x06Random\x94.'),0,jetson,DenseNet,0.7777777777777778,0.77138,0.6945394277572632,0.597287766496875
141,141,0.5,0.0,21,0.3060445785522461,2,653,653,False,True,bytearray(b'\x80\x04\x95\n\x00\x00\x00\x00\x00\x00\x00\x8c\x06Random\x94.'),0,jetson,GoogLeNet,0.5333333333333333,0.69778,0.846977710723877,0.885305725428125
142,142,0.5,0.0,22,0.1192312240600586,3,136,357,False,True,bytearray(b'\x80\x04\x95\n\x00\x00\x00\x00\x00\x00\x00\x8c\x06Random\x94.'),0,jetson,MobileNet,0.6461538461538462,0.71878,0.9403843879699707,0.9504170827125
143,143,0.5,0.0,23,0.14994502067565918,5,365,365,False,True,bytearray(b'\x80\x04\x95\n\x00\x00\x00\x00\x00\x00\x00\x8c\x06Random\x94.'),0,jetson,SqueezeNet,0.6,0.58092,0.9250274896621704,0.933171531590625
144,144,0.5,0.0,24,0.21970057487487793,2,614,643,False,True,bytearray(b'\x80\x04\x95\n\x00\x00\x00\x00\x00\x00\x00\x8c\x06Random\x94.'),0,jetson,GoogLeNet,0.5333333333333333,0.69778,0.890149712562561,0.885305725428125
145,145,0.5,0.0,25,0.12469077110290527,3,583,583,False,True,bytearray(b'\x80\x04\x95\n\x00\x00\x00\x00\x00\x00\x00\x8c\x06Random\x94.'),0,jetson,MobileNet,0.6461538461538462,0.71878,0.9376546144485474,0.9504170827125
146,146,0.5,0.0,26,0.17329645156860352,4,774,630,False,True,bytearray(b'\x80\x04\x95\n\x00\x00\x00\x00\x00\x00\x00\x8c\x06Random\x94.'),0,jetson,ResNet,0.7272727272727273,0.69758,0.9133517742156982,0.91655232088125
147,147,0.5,0.0,27,0.5439760684967041,1,373,373,False,True,bytearray(b'\x80\x04\x95\n\x00\x00\x00\x00\x00\x00\x00\x8c\x06Random\x94.'),0,jetson,DenseNet,0.7777777777777778,0.77138,0.728011965751648,0.597287766496875
148,148,0.5,0.0,28,0.13541865348815918,5,680,438,False,True,bytearray(b'\x80\x04\x95\n\x00\x00\x00\x00\x00\x00\x00\x8c\x06Random\x94.'),0,jetson,SqueezeNet,0.6,0.58092,0.9322906732559204,0.933171531590625
149,149,0.5,0.0,29,0.13516855239868164,3,419,419,False,True,bytearray(b'\x80\x04\x95\n\x00\x00\x00\x00\x00\x00\x00\x8c\x06Random\x94.'),0,jetson,MobileNet,0.6461538461538462,0.71878,0.9324157238006592,0.9504170827125
150,150,0.5,0.0,20,0.22646188735961914,0,692,478,False,True,bytearray(b'\x80\x04\x95\x0b\x00\x00\x00\x00\x00\x00\x00\x8c\x07Optimal\x94.'),1,jetson,AlexNet,0.4,0.56522,0.8367690563201904,0.959606171503125
151,151,0.5,0.0,21,0.17274260520935059,0,778,457,False,True,bytearray(b'\x80\x04\x95\x0b\x00\x00\x00\x00\x00\x00\x00\x8c\x07Optimal\x94.'),1,jetson,AlexNet,0.4,0.56522,0.8636286973953247,0.959606171503125
152,152,0.5,0.0,22,0.16556310653686523,0,647,647,False,True,bytearray(b'\x80\x04\x95\x0b\x00\x00\x00\x00\x00\x00\x00\x8c\x07Optimal\x94.'),1,jetson,AlexNet,0.4,0.56522,0.8672184467315673,0.959606171503125
153,153,0.5,0.0,23,0.13831353187561035,0,739,499,False,True,bytearray(b'\x80\x04\x95\x0b\x00\x00\x00\x00\x00\x00\x00\x8c\x07Optimal\x94.'),1,jetson,AlexNet,0.4,0.56522,0.8808432340621948,0.959606171503125
154,154,0.5,0.0,24,0.12211179733276367,0,48,395,False,True,bytearray(b'\x80\x04\x95\x0b\x00\x00\x00\x00\x00\x00\x00\x8c\x07Optimal\x94.'),1,jetson,AlexNet,0.4,0.56522,0.8889441013336181,0.959606171503125
155,155,0.5,0.0,25,0.12223172187805176,0,568,568,False,True,bytearray(b'\x80\x04\x95\x0b\x00\x00\x00\x00\x00\x00\x00\x8c\x07Optimal\x94.'),1,jetson,AlexNet,0.4,0.56522,0.8888841390609741,0.959606171503125
156,156,0.5,0.0,26,0.13201379776000977,0,365,365,False,True,bytearray(b'\x80\x04\x95\x0b\x00\x00\x00\x00\x00\x00\x00\x8c\x07Optimal\x94.'),1,jetson,AlexNet,0.4,0.56522,0.8839931011199951,0.959606171503125
157,157,0.5,0.0,27,0.12560582160949707,0,746,450,False,True,bytearray(b'\x80\x04\x95\x0b\x00\x00\x00\x00\x00\x00\x00\x8c\x07Optimal\x94.'),1,jetson,AlexNet,0.4,0.56522,0.8871970891952514,0.959606171503125
158,158,0.5,0.0,28,0.14321017265319824,0,396,396,False,True,bytearray(b'\x80\x04\x95\x0b\x00\x00\x00\x00\x00\x00\x00\x8c\x07Optimal\x94.'),1,jetson,AlexNet,0.4,0.56522,0.8783949136734008,0.959606171503125
159,159,0.5,0.0,29,0.15509271621704102,0,535,535,False,True,bytearray(b'\x80\x04\x95\x0b\x00\x00\x00\x00\x00\x00\x00\x8c\x07Optimal\x94.'),1,jetson,AlexNet,0.4,0.56522,0.8724536418914794,0.959606171503125
160,160,0.5,0.0,20,0.2096412181854248,0,692,478,False,True,bytearray(b'\x80\x04\x95\x07\x00\x00\x00\x00\x00\x00\x00\x8c\x03EGP\x94.'),1,jetson,AlexNet,0.4,0.56522,0.8451793909072876,0.959606171503125
161,161,0.5,0.0,21,0.14409327507019043,0,778,457,False,True,bytearray(b'\x80\x04\x95\x07\x00\x00\x00\x00\x00\x00\x00\x8c\x03EGP\x94.'),1,jetson,AlexNet,0.4,0.56522,0.8779533624649047,0.959606171503125
162,162,0.5,0.0,22,0.17210888862609863,0,647,647,False,True,bytearray(b'\x80\x04\x95\x07\x00\x00\x00\x00\x00\x00\x00\x8c\x03EGP\x94.'),1,jetson,AlexNet,0.4,0.56522,0.8639455556869506,0.959606171503125
163,163,0.5,0.0,23,0.17714977264404297,0,739,499,False,True,bytearray(b'\x80\x04\x95\x07\x00\x00\x00\x00\x00\x00\x00\x8c\x03EGP\x94.'),1,jetson,AlexNet,0.4,0.56522,0.8614251136779785,0.959606171503125
164,164,0.5,0.0,24,0.13624906539916992,0,48,395,False,True,bytearray(b'\x80\x04\x95\x07\x00\x00\x00\x00\x00\x00\x00\x8c\x03EGP\x94.'),1,jetson,AlexNet,0.4,0.56522,0.881875467300415,0.959606171503125
165,165,0.5,0.0,25,0.12056374549865723,0,568,568,False,True,bytearray(b'\x80\x04\x95\x07\x00\x00\x00\x00\x00\x00\x00\x8c\x03EGP\x94.'),1,jetson,AlexNet,0.4,0.56522,0.8897181272506713,0.959606171503125
166,166,0.5,0.0,26,0.12825608253479004,0,365,365,False,True,bytearray(b'\x80\x04\x95\x07\x00\x00\x00\x00\x00\x00\x00\x8c\x03EGP\x94.'),1,jetson,AlexNet,0.4,0.56522,0.8858719587326049,0.959606171503125
167,167,0.5,0.0,27,0.11803221702575684,0,746,450,False,True,bytearray(b'\x80\x04\x95\x07\x00\x00\x00\x00\x00\x00\x00\x8c\x03EGP\x94.'),1,jetson,AlexNet,0.4,0.56522,0.8909838914871215,0.959606171503125
168,168,0.5,0.0,28,0.122100830078125,0,396,396,False,True,bytearray(b'\x80\x04\x95\x07\x00\x00\x00\x00\x00\x00\x00\x8c\x03EGP\x94.'),1,jetson,AlexNet,0.4,0.56522,0.8889495849609375,0.959606171503125
169,169,0.5,0.0,29,0.14813709259033203,0,535,535,False,True,bytearray(b'\x80\x04\x95\x07\x00\x00\x00\x00\x00\x00\x00\x8c\x03EGP\x94.'),1,jetson,AlexNet,0.4,0.56522,0.8759314537048339,0.959606171503125
170,170,0.5,0.0,20,0.23517727851867676,0,692,478,False,True,bytearray(b'\x80\x04\x95\x07\x00\x00\x00\x00\x00\x00\x00\x8c\x03AGP\x94.'),1,jetson,AlexNet,0.4,0.56522,0.8324113607406616,0.959606171503125
171,171,0.5,0.0,21,0.162214994430542,0,778,457,False,True,bytearray(b'\x80\x04\x95\x07\x00\x00\x00\x00\x00\x00\x00\x8c\x03AGP\x94.'),1,jetson,AlexNet,0.4,0.56522,0.868892502784729,0.959606171503125
172,172,0.5,0.0,22,0.14736461639404297,0,647,647,False,True,bytearray(b'\x80\x04\x95\x07\x00\x00\x00\x00\x00\x00\x00\x8c\x03AGP\x94.'),1,jetson,AlexNet,0.4,0.56522,0.8763176918029785,0.959606171503125
173,173,0.5,0.0,23,0.1410079002380371,0,739,499,False,True,bytearray(b'\x80\x04\x95\x07\x00\x00\x00\x00\x00\x00\x00\x8c\x03AGP\x94.'),1,jetson,AlexNet,0.4,0.56522,0.8794960498809814,0.959606171503125
174,174,0.5,0.0,24,0.1276850700378418,0,48,395,False,True,bytearray(b'\x80\x04\x95\x07\x00\x00\x00\x00\x00\x00\x00\x8c\x03AGP\x94.'),1,jetson,AlexNet,0.4,0.56522,0.8861574649810791,0.959606171503125
175,175,0.5,0.0,25,0.11937475204467773,0,568,568,False,True,bytearray(b'\x80\x04\x95\x07\x00\x00\x00\x00\x00\x00\x00\x8c\x03AGP\x94.'),1,jetson,AlexNet,0.4,0.56522,0.8903126239776611,0.959606171503125
176,176,0.5,0.0,26,0.1200559139251709,0,365,365,False,True,bytearray(b'\x80\x04\x95\x07\x00\x00\x00\x00\x00\x00\x00\x8c\x03AGP\x94.'),1,jetson,AlexNet,0.4,0.56522,0.8899720430374145,0.959606171503125
177,177,0.5,0.0,27,0.11417675018310547,0,746,450,False,True,bytearray(b'\x80\x04\x95\x07\x00\x00\x00\x00\x00\x00\x00\x8c\x03AGP\x94.'),1,jetson,AlexNet,0.4,0.56522,0.8929116249084472,0.959606171503125
178,178,0.5,0.0,28,0.21649789810180664,0,396,396,False,True,bytearray(b'\x80\x04\x95\x07\x00\x00\x00\x00\x00\x00\x00\x8c\x03AGP\x94.'),1,jetson,AlexNet,0.4,0.56522,0.8417510509490966,0.959606171503125
179,179,0.5,0.0,29,0.19842147827148438,0,535,535,False,True,bytearray(b'\x80\x04\x95\x07\x00\x00\x00\x00\x00\x00\x00\x8c\x03AGP\x94.'),1,jetson,AlexNet,0.4,0.56522,0.8507892608642578,0.959606171503125
180,180,0.5,0.0,20,0.23041749000549316,3,637,478,False,True,bytearray(b'\x80\x04\x95\x0c\x00\x00\x00\x00\x00\x00\x00\x8c\x08Knapsack\x94.'),1,jetson,MobileNet,0.6461538461538462,0.71878,0.8847912549972534,0.9504170827125
181,181,0.5,0.0,21,0.27871108055114746,3,457,457,False,True,bytearray(b'\x80\x04\x95\x0c\x00\x00\x00\x00\x00\x00\x00\x8c\x08Knapsack\x94.'),1,jetson,MobileNet,0.6461538461538462,0.71878,0.8606444597244263,0.9504170827125
182,182,0.5,0.0,22,0.12411189079284668,3,647,647,False,True,bytearray(b'\x80\x04\x95\x0c\x00\x00\x00\x00\x00\x00\x00\x8c\x08Knapsack\x94.'),1,jetson,MobileNet,0.6461538461538462,0.71878,0.9379440546035767,0.9504170827125
183,183,0.5,0.0,23,0.13904452323913574,3,961,499,False,True,bytearray(b'\x80\x04\x95\x0c\x00\x00\x00\x00\x00\x00\x00\x8c\x08Knapsack\x94.'),1,jetson,MobileNet,0.6461538461538462,0.71878,0.9304777383804321,0.9504170827125
184,184,0.5,0.0,24,0.12067222595214844,3,395,395,False,True,bytearray(b'\x80\x04\x95\x0c\x00\x00\x00\x00\x00\x00\x00\x8c\x08Knapsack\x94.'),1,jetson,MobileNet,0.6461538461538462,0.71878,0.9396638870239258,0.9504170827125
185,185,0.5,0.0,25,0.14398503303527832,3,568,568,False,True,bytearray(b'\x80\x04\x95\x0c\x00\x00\x00\x00\x00\x00\x00\x8c\x08Knapsack\x94.'),1,jetson,MobileNet,0.6461538461538462,0.71878,0.9280074834823608,0.9504170827125
186,186,0.5,0.0,26,0.09862160682678223,3,365,365,False,True,bytearray(b'\x80\x04\x95\x0c\x00\x00\x00\x00\x00\x00\x00\x8c\x08Knapsack\x94.'),1,jetson,MobileNet,0.6461538461538462,0.71878,0.9506891965866089,0.9504170827125
187,187,0.5,0.0,27,0.12132716178894043,3,450,450,False,True,bytearray(b'\x80\x04\x95\x0c\x00\x00\x00\x00\x00\x00\x00\x8c\x08Knapsack\x94.'),1,jetson,MobileNet,0.6461538461538462,0.71878,0.9393364191055298,0.9504170827125
188,188,0.5,0.0,28,0.14101791381835938,3,396,396,False,True,bytearray(b'\x80\x04\x95\x0c\x00\x00\x00\x00\x00\x00\x00\x8c\x08Knapsack\x94.'),1,jetson,MobileNet,0.6461538461538462,0.71878,0.9294910430908203,0.9504170827125
189,189,0.5,0.0,29,0.12640738487243652,3,535,535,False,True,bytearray(b'\x80\x04\x95\x0c\x00\x00\x00\x00\x00\x00\x00\x8c\x08Knapsack\x94.'),1,jetson,MobileNet,0.6461538461538462,0.71878,0.9367963075637817,0.9504170827125
190,190,0.5,0.0,20,0.3073747158050537,2,637,478,False,True,bytearray(b'\x80\x04\x95\n\x00\x00\x00\x00\x00\x00\x00\x8c\x06Random\x94.'),1,jetson,GoogLeNet,0.5333333333333333,0.69778,0.8463126420974731,0.885305725428125
191,191,0.5,0.0,21,0.11475729942321777,3,457,457,False,True,bytearray(b'\x80\x04\x95\n\x00\x00\x00\x00\x00\x00\x00\x8c\x06Random\x94.'),1,jetson,MobileNet,0.6461538461538462,0.71878,0.9426213502883911,0.9504170827125
192,192,0.5,0.0,22,0.6005895137786865,1,647,647,False,True,bytearray(b'\x80\x04\x95\n\x00\x00\x00\x00\x00\x00\x00\x8c\x06Random\x94.'),1,jetson,DenseNet,0.7777777777777778,0.77138,0.6997052431106567,0.597287766496875
193,193,0.5,0.0,23,0.3108839988708496,2,467,499,False,True,bytearray(b'\x80\x04\x95\n\x00\x00\x00\x00\x00\x00\x00\x8c\x06Random\x94.'),1,jetson,GoogLeNet,0.5333333333333333,0.69778,0.8445580005645752,0.885305725428125
194,194,0.5,0.0,24,0.3009333610534668,2,395,395,False,True,bytearray(b'\x80\x04\x95\n\x00\x00\x00\x00\x00\x00\x00\x8c\x06Random\x94.'),1,jetson,GoogLeNet,0.5333333333333333,0.69778,0.8495333194732666,0.885305725428125
195,195,0.5,0.0,25,0.31024980545043945,2,568,568,False,True,bytearray(b'\x80\x04\x95\n\x00\x00\x00\x00\x00\x00\x00\x8c\x06Random\x94.'),1,jetson,GoogLeNet,0.5333333333333333,0.69778,0.8448750972747803,0.885305725428125
196,196,0.5,0.0,26,0.14284229278564453,5,365,365,False,True,bytearray(b'\x80\x04\x95\n\x00\x00\x00\x00\x00\x00\x00\x8c\x06Random\x94.'),1,jetson,SqueezeNet,0.6,0.58092,0.9285788536071777,0.933171531590625
197,197,0.5,0.0,27,0.5674235820770264,1,450,450,False,True,bytearray(b'\x80\x04\x95\n\x00\x00\x00\x00\x00\x00\x00\x8c\x06Random\x94.'),1,jetson,DenseNet,0.7777777777777778,0.77138,0.7162882089614868,0.597287766496875
198,198,0.5,0.0,28,0.15727686882019043,4,396,396,False,True,bytearray(b'\x80\x04\x95\n\x00\x00\x00\x00\x00\x00\x00\x8c\x06Random\x94.'),1,jetson,ResNet,0.7272727272727273,0.69758,0.9213615655899048,0.91655232088125
199,199,0.5,0.0,29,0.12493896484375,5,683,535,False,True,bytearray(b'\x80\x04\x95\n\x00\x00\x00\x00\x00\x00\x00\x8c\x06Random\x94.'),1,jetson,SqueezeNet,0.6,0.58092,0.937530517578125,0.933171531590625
200,200,1.0,0.5,0,0.6804721355438232,3,834,667,True,False,bytearray(b'\x80\x04\x95\x0b\x00\x00\x00\x00\x00\x00\x00\x8c\x07Optimal\x94.'),0,jetson2,MobileNet,0.6461538461538462,0.71878,0.7328408553050114,0.8098070827125
201,201,1.0,0.5,1,0.29932212829589844,3,737,737,True,False,bytearray(b'\x80\x04\x95\x0b\x00\x00\x00\x00\x00\x00\x00\x8c\x07Optimal\x94.'),0,jetson2,MobileNet,0.6461538461538462,0.71878,0.823076923076923,0.8098070827125
202,202,1.0,0.5,2,0.27750086784362793,3,685,685,True,False,bytearray(b'\x80\x04\x95\x0b\x00\x00\x00\x00\x00\x00\x00\x8c\x07Optimal\x94.'),0,jetson2,MobileNet,0.6461538461538462,0.71878,0.823076923076923,0.8098070827125
203,203,1.0,0.5,3,0.23295927047729492,3,706,706,True,False,bytearray(b'\x80\x04\x95\x0b\x00\x00\x00\x00\x00\x00\x00\x8c\x07Optimal\x94.'),0,jetson2,MobileNet,0.6461538461538462,0.71878,0.823076923076923,0.8098070827125
204,204,1.0,0.5,4,0.24861669540405273,3,626,710,True,False,bytearray(b'\x80\x04\x95\x0b\x00\x00\x00\x00\x00\x00\x00\x8c\x07Optimal\x94.'),0,jetson2,MobileNet,0.6461538461538462,0.71878,0.823076923076923,0.8098070827125
205,205,1.0,0.5,5,0.21573591232299805,3,755,755,True,False,bytearray(b'\x80\x04\x95\x0b\x00\x00\x00\x00\x00\x00\x00\x8c\x07Optimal\x94.'),0,jetson2,MobileNet,0.6461538461538462,0.71878,0.823076923076923,0.8098070827125
206,206,1.0,0.5,6,0.18741559982299805,3,873,873,True,False,bytearray(b'\x80\x04\x95\x0b\x00\x00\x00\x00\x00\x00\x00\x8c\x07Optimal\x94.'),0,jetson2,MobileNet,0.6461538461538462,0.71878,0.823076923076923,0.8098070827125
207,207,1.0,0.5,7,0.16330313682556152,3,766,766,True,False,bytearray(b'\x80\x04\x95\x0b\x00\x00\x00\x00\x00\x00\x00\x8c\x07Optimal\x94.'),0,jetson2,MobileNet,0.6461538461538462,0.71878,0.823076923076923,0.8098070827125
208,208,1.0,0.5,8,0.1824474334716797,3,899,725,True,False,bytearray(b'\x80\x04\x95\x0b\x00\x00\x00\x00\x00\x00\x00\x8c\x07Optimal\x94.'),0,jetson2,MobileNet,0.6461538461538462,0.71878,0.823076923076923,0.8098070827125
209,209,1.0,0.5,9,0.15727615356445312,3,984,984,True,False,bytearray(b'\x80\x04\x95\x0b\x00\x00\x00\x00\x00\x00\x00\x8c\x07Optimal\x94.'),0,jetson2,MobileNet,0.6461538461538462,0.71878,0.823076923076923,0.8098070827125
210,210,1.0,0.5,0,0.3130221366882324,3,834,667,True,False,bytearray(b'\x80\x04\x95\x07\x00\x00\x00\x00\x00\x00\x00\x8c\x03EGP\x94.'),0,jetson2,MobileNet,0.6461538461538462,0.71878,0.823076923076923,0.8098070827125
211,211,1.0,0.5,1,0.21651792526245117,3,737,737,True,False,bytearray(b'\x80\x04\x95\x07\x00\x00\x00\x00\x00\x00\x00\x8c\x03EGP\x94.'),0,jetson2,MobileNet,0.6461538461538462,0.71878,0.823076923076923,0.8098070827125
212,212,1.0,0.5,2,0.1938316822052002,3,685,685,True,False,bytearray(b'\x80\x04\x95\x07\x00\x00\x00\x00\x00\x00\x00\x8c\x03EGP\x94.'),0,jetson2,MobileNet,0.6461538461538462,0.71878,0.823076923076923,0.8098070827125
213,213,1.0,0.5,3,0.21788406372070312,3,706,706,True,False,bytearray(b'\x80\x04\x95\x07\x00\x00\x00\x00\x00\x00\x00\x8c\x03EGP\x94.'),0,jetson2,MobileNet,0.6461538461538462,0.71878,0.823076923076923,0.8098070827125
214,214,1.0,0.5,4,0.2044391632080078,3,626,710,True,False,bytearray(b'\x80\x04\x95\x07\x00\x00\x00\x00\x00\x00\x00\x8c\x03EGP\x94.'),0,jetson2,MobileNet,0.6461538461538462,0.71878,0.823076923076923,0.8098070827125
215,215,1.0,0.5,5,0.15976929664611816,3,755,755,True,False,bytearray(b'\x80\x04\x95\x07\x00\x00\x00\x00\x00\x00\x00\x8c\x03EGP\x94.'),0,jetson2,MobileNet,0.6461538461538462,0.71878,0.823076923076923,0.8098070827125
216,216,1.0,0.5,6,0.13242816925048828,3,873,873,True,False,bytearray(b'\x80\x04\x95\x07\x00\x00\x00\x00\x00\x00\x00\x8c\x03EGP\x94.'),0,jetson2,MobileNet,0.6461538461538462,0.71878,0.823076923076923,0.8098070827125
217,217,1.0,0.5,7,0.14803528785705566,3,766,766,True,False,bytearray(b'\x80\x04\x95\x07\x00\x00\x00\x00\x00\x00\x00\x8c\x03EGP\x94.'),0,jetson2,MobileNet,0.6461538461538462,0.71878,0.823076923076923,0.8098070827125
218,218,1.0,0.5,8,0.13704872131347656,3,899,725,True,False,bytearray(b'\x80\x04\x95\x07\x00\x00\x00\x00\x00\x00\x00\x8c\x03EGP\x94.'),0,jetson2,MobileNet,0.6461538461538462,0.71878,0.823076923076923,0.8098070827125
219,219,1.0,0.5,9,0.12965846061706543,3,984,984,True,False,bytearray(b'\x80\x04\x95\x07\x00\x00\x00\x00\x00\x00\x00\x8c\x03EGP\x94.'),0,jetson2,MobileNet,0.6461538461538462,0.71878,0.823076923076923,0.8098070827125
220,220,1.0,0.5,0,0.3463747501373291,3,834,667,True,False,bytearray(b'\x80\x04\x95\x07\x00\x00\x00\x00\x00\x00\x00\x8c\x03AGP\x94.'),0,jetson2,MobileNet,0.6461538461538462,0.71878,0.823076923076923,0.8098070827125
221,221,1.0,0.5,1,0.3278224468231201,3,737,737,True,False,bytearray(b'\x80\x04\x95\x07\x00\x00\x00\x00\x00\x00\x00\x8c\x03AGP\x94.'),0,jetson2,MobileNet,0.6461538461538462,0.71878,0.823076923076923,0.8098070827125
222,222,1.0,0.5,2,0.15843534469604492,3,685,685,True,False,bytearray(b'\x80\x04\x95\x07\x00\x00\x00\x00\x00\x00\x00\x8c\x03AGP\x94.'),0,jetson2,MobileNet,0.6461538461538462,0.71878,0.823076923076923,0.8098070827125
223,223,1.0,0.5,3,0.1979830265045166,3,706,706,True,False,bytearray(b'\x80\x04\x95\x07\x00\x00\x00\x00\x00\x00\x00\x8c\x03AGP\x94.'),0,jetson2,MobileNet,0.6461538461538462,0.71878,0.823076923076923,0.8098070827125
224,224,1.0,0.5,4,0.17383074760437012,3,626,710,True,False,bytearray(b'\x80\x04\x95\x07\x00\x00\x00\x00\x00\x00\x00\x8c\x03AGP\x94.'),0,jetson2,MobileNet,0.6461538461538462,0.71878,0.823076923076923,0.8098070827125
225,225,1.0,0.5,5,0.17181634902954102,3,755,755,True,False,bytearray(b'\x80\x04\x95\x07\x00\x00\x00\x00\x00\x00\x00\x8c\x03AGP\x94.'),0,jetson2,MobileNet,0.6461538461538462,0.71878,0.823076923076923,0.8098070827125
226,226,1.0,0.5,6,0.1916215419769287,3,873,873,True,False,bytearray(b'\x80\x04\x95\x07\x00\x00\x00\x00\x00\x00\x00\x8c\x03AGP\x94.'),0,jetson2,MobileNet,0.6461538461538462,0.71878,0.823076923076923,0.8098070827125
227,227,1.0,0.5,7,0.1368849277496338,3,766,766,True,False,bytearray(b'\x80\x04\x95\x07\x00\x00\x00\x00\x00\x00\x00\x8c\x03AGP\x94.'),0,jetson2,MobileNet,0.6461538461538462,0.71878,0.823076923076923,0.8098070827125
228,228,1.0,0.5,8,0.13157892227172852,3,899,725,True,False,bytearray(b'\x80\x04\x95\x07\x00\x00\x00\x00\x00\x00\x00\x8c\x03AGP\x94.'),0,jetson2,MobileNet,0.6461538461538462,0.71878,0.823076923076923,0.8098070827125
229,229,1.0,0.5,9,0.1477031707763672,3,984,984,True,False,bytearray(b'\x80\x04\x95\x07\x00\x00\x00\x00\x00\x00\x00\x8c\x03AGP\x94.'),0,jetson2,MobileNet,0.6461538461538462,0.71878,0.823076923076923,0.8098070827125
230,230,1.0,0.5,0,0.21044683456420898,3,834,667,True,False,bytearray(b'\x80\x04\x95\x0c\x00\x00\x00\x00\x00\x00\x00\x8c\x08Knapsack\x94.'),0,jetson2,MobileNet,0.6461538461538462,0.71878,0.823076923076923,0.8098070827125
231,231,1.0,0.5,1,0.15654492378234863,3,737,737,True,False,bytearray(b'\x80\x04\x95\x0c\x00\x00\x00\x00\x00\x00\x00\x8c\x08Knapsack\x94.'),0,jetson2,MobileNet,0.6461538461538462,0.71878,0.823076923076923,0.8098070827125
232,232,1.0,0.5,2,0.19536709785461426,3,685,685,True,False,bytearray(b'\x80\x04\x95\x0c\x00\x00\x00\x00\x00\x00\x00\x8c\x08Knapsack\x94.'),0,jetson2,MobileNet,0.6461538461538462,0.71878,0.823076923076923,0.8098070827125
233,233,1.0,0.5,3,0.2567877769470215,3,706,706,True,False,bytearray(b'\x80\x04\x95\x0c\x00\x00\x00\x00\x00\x00\x00\x8c\x08Knapsack\x94.'),0,jetson2,MobileNet,0.6461538461538462,0.71878,0.823076923076923,0.8098070827125
234,234,1.0,0.5,4,0.16956710815429688,3,626,710,True,False,bytearray(b'\x80\x04\x95\x0c\x00\x00\x00\x00\x00\x00\x00\x8c\x08Knapsack\x94.'),0,jetson2,MobileNet,0.6461538461538462,0.71878,0.823076923076923,0.8098070827125
235,235,1.0,0.5,5,0.157379150390625,3,755,755,True,False,bytearray(b'\x80\x04\x95\x0c\x00\x00\x00\x00\x00\x00\x00\x8c\x08Knapsack\x94.'),0,jetson2,MobileNet,0.6461538461538462,0.71878,0.823076923076923,0.8098070827125
236,236,1.0,0.5,6,0.17760300636291504,3,873,873,True,False,bytearray(b'\x80\x04\x95\x0c\x00\x00\x00\x00\x00\x00\x00\x8c\x08Knapsack\x94.'),0,jetson2,MobileNet,0.6461538461538462,0.71878,0.823076923076923,0.8098070827125
237,237,1.0,0.5,7,0.16854023933410645,3,766,766,True,False,bytearray(b'\x80\x04\x95\x0c\x00\x00\x00\x00\x00\x00\x00\x8c\x08Knapsack\x94.'),0,jetson2,MobileNet,0.6461538461538462,0.71878,0.823076923076923,0.8098070827125
238,238,1.0,0.5,8,0.14953351020812988,3,899,725,True,False,bytearray(b'\x80\x04\x95\x0c\x00\x00\x00\x00\x00\x00\x00\x8c\x08Knapsack\x94.'),0,jetson2,MobileNet,0.6461538461538462,0.71878,0.823076923076923,0.8098070827125
239,239,1.0,0.5,9,0.14228177070617676,3,984,984,True,False,bytearray(b'\x80\x04\x95\x0c\x00\x00\x00\x00\x00\x00\x00\x8c\x08Knapsack\x94.'),0,jetson2,MobileNet,0.6461538461538462,0.71878,0.823076923076923,0.8098070827125
240,240,1.0,0.5,0,0.23254895210266113,3,834,667,True,False,bytearray(b'\x80\x04\x95\n\x00\x00\x00\x00\x00\x00\x00\x8c\x06Random\x94.'),0,jetson2,MobileNet,0.6461538461538462,0.71878,0.823076923076923,0.8098070827125
241,241,1.0,0.5,1,0.15478873252868652,5,737,737,True,False,bytearray(b'\x80\x04\x95\n\x00\x00\x00\x00\x00\x00\x00\x8c\x06Random\x94.'),0,jetson2,SqueezeNet,0.6,0.58092,0.8,0.723631531590625
242,242,1.0,0.5,2,0.6296396255493164,1,685,685,True,False,bytearray(b'\x80\x04\x95\n\x00\x00\x00\x00\x00\x00\x00\x8c\x06Random\x94.'),0,jetson2,DenseNet,0.7777777777777778,0.77138,0.8240690761142306,0.48297776649687496
243,243,1.0,0.5,3,0.23710417747497559,4,706,706,True,False,bytearray(b'\x80\x04\x95\n\x00\x00\x00\x00\x00\x00\x00\x8c\x06Random\x94.'),0,jetson2,ResNet,0.7272727272727273,0.69758,0.8636363636363636,0.76534232088125
244,244,1.0,0.5,4,0.2700512409210205,2,710,710,True,False,bytearray(b'\x80\x04\x95\n\x00\x00\x00\x00\x00\x00\x00\x8c\x06Random\x94.'),0,jetson2,GoogLeNet,0.5333333333333333,0.69778,0.7666666666666666,0.7341957254281251
245,245,1.0,0.5,5,0.30591511726379395,2,755,755,True,False,bytearray(b'\x80\x04\x95\n\x00\x00\x00\x00\x00\x00\x00\x8c\x06Random\x94.'),0,jetson2,GoogLeNet,0.5333333333333333,0.69778,0.7666666666666666,0.7341957254281251
246,246,1.0,0.5,6,0.15165972709655762,5,873,873,True,False,bytearray(b'\x80\x04\x95\n\x00\x00\x00\x00\x00\x00\x00\x8c\x06Random\x94.'),0,jetson2,SqueezeNet,0.6,0.58092,0.8,0.723631531590625
247,247,1.0,0.5,7,0.138413667678833,3,766,766,True,False,bytearray(b'\x80\x04\x95\n\x00\x00\x00\x00\x00\x00\x00\x8c\x06Random\x94.'),0,jetson2,MobileNet,0.6461538461538462,0.71878,0.823076923076923,0.8098070827125
248,248,1.0,0.5,8,0.2164926528930664,2,899,725,True,False,bytearray(b'\x80\x04\x95\n\x00\x00\x00\x00\x00\x00\x00\x8c\x06Random\x94.'),0,jetson2,GoogLeNet,0.5333333333333333,0.69778,0.7666666666666666,0.7341957254281251
249,249,1.0,0.5,9,0.5122251510620117,1,984,984,True,False,bytearray(b'\x80\x04\x95\n\x00\x00\x00\x00\x00\x00\x00\x8c\x06Random\x94.'),0,jetson2,DenseNet,0.7777777777777778,0.77138,0.882776313357883,0.48297776649687496
250,250,1.0,0.5,0,0.2150130271911621,3,833,833,True,False,bytearray(b'\x80\x04\x95\x0b\x00\x00\x00\x00\x00\x00\x00\x8c\x07Optimal\x94.'),1,jetson2,MobileNet,0.6461538461538462,0.71878,0.823076923076923,0.8098070827125
251,251,1.0,0.5,1,0.19166994094848633,3,967,967,True,False,bytearray(b'\x80\x04\x95\x0b\x00\x00\x00\x00\x00\x00\x00\x8c\x07Optimal\x94.'),1,jetson2,MobileNet,0.6461538461538462,0.71878,0.823076923076923,0.8098070827125
252,252,1.0,0.5,2,0.18908309936523438,3,802,764,True,False,bytearray(b'\x80\x04\x95\x0b\x00\x00\x00\x00\x00\x00\x00\x8c\x07Optimal\x94.'),1,jetson2,MobileNet,0.6461538461538462,0.71878,0.823076923076923,0.8098070827125
253,253,1.0,0.5,3,0.15209388732910156,3,971,971,True,False,bytearray(b'\x80\x04\x95\x0b\x00\x00\x00\x00\x00\x00\x00\x8c\x07Optimal\x94.'),1,jetson2,MobileNet,0.6461538461538462,0.71878,0.823076923076923,0.8098070827125
254,254,1.0,0.5,4,0.1323223114013672,3,584,885,True,False,bytearray(b'\x80\x04\x95\x0b\x00\x00\x00\x00\x00\x00\x00\x8c\x07Optimal\x94.'),1,jetson2,MobileNet,0.6461538461538462,0.71878,0.823076923076923,0.8098070827125
255,255,1.0,0.5,5,0.14208769798278809,3,558,683,True,False,bytearray(b'\x80\x04\x95\x0b\x00\x00\x00\x00\x00\x00\x00\x8c\x07Optimal\x94.'),1,jetson2,MobileNet,0.6461538461538462,0.71878,0.823076923076923,0.8098070827125
256,256,1.0,0.5,6,0.15483760833740234,3,456,693,True,False,bytearray(b'\x80\x04\x95\x0b\x00\x00\x00\x00\x00\x00\x00\x8c\x07Optimal\x94.'),1,jetson2,MobileNet,0.6461538461538462,0.71878,0.823076923076923,0.8098070827125
257,257,1.0,0.5,7,0.17566895484924316,3,761,761,True,False,bytearray(b'\x80\x04\x95\x0b\x00\x00\x00\x00\x00\x00\x00\x8c\x07Optimal\x94.'),1,jetson2,MobileNet,0.6461538461538462,0.71878,0.823076923076923,0.8098070827125
258,258,1.0,0.5,8,0.18654322624206543,3,851,851,True,False,bytearray(b'\x80\x04\x95\x0b\x00\x00\x00\x00\x00\x00\x00\x8c\x07Optimal\x94.'),1,jetson2,MobileNet,0.6461538461538462,0.71878,0.823076923076923,0.8098070827125
259,259,1.0,0.5,9,0.14021039009094238,3,768,768,True,False,bytearray(b'\x80\x04\x95\x0b\x00\x00\x00\x00\x00\x00\x00\x8c\x07Optimal\x94.'),1,jetson2,MobileNet,0.6461538461538462,0.71878,0.823076923076923,0.8098070827125
260,260,1.0,0.5,0,0.30978941917419434,3,833,833,True,False,bytearray(b'\x80\x04\x95\x07\x00\x00\x00\x00\x00\x00\x00\x8c\x03EGP\x94.'),1,jetson2,MobileNet,0.6461538461538462,0.71878,0.823076923076923,0.8098070827125
261,261,1.0,0.5,1,0.18694853782653809,3,967,967,True,False,bytearray(b'\x80\x04\x95\x07\x00\x00\x00\x00\x00\x00\x00\x8c\x03EGP\x94.'),1,jetson2,MobileNet,0.6461538461538462,0.71878,0.823076923076923,0.8098070827125
262,262,1.0,0.5,2,0.36188316345214844,3,802,764,True,False,bytearray(b'\x80\x04\x95\x07\x00\x00\x00\x00\x00\x00\x00\x8c\x03EGP\x94.'),1,jetson2,MobileNet,0.6461538461538462,0.71878,0.823076923076923,0.8098070827125
263,263,1.0,0.5,3,0.21303868293762207,3,971,971,True,False,bytearray(b'\x80\x04\x95\x07\x00\x00\x00\x00\x00\x00\x00\x8c\x03EGP\x94.'),1,jetson2,MobileNet,0.6461538461538462,0.71878,0.823076923076923,0.8098070827125
264,264,1.0,0.5,4,0.24713587760925293,3,584,885,True,False,bytearray(b'\x80\x04\x95\x07\x00\x00\x00\x00\x00\x00\x00\x8c\x03EGP\x94.'),1,jetson2,MobileNet,0.6461538461538462,0.71878,0.823076923076923,0.8098070827125
265,265,1.0,0.5,5,0.21188139915466309,3,558,683,True,False,bytearray(b'\x80\x04\x95\x07\x00\x00\x00\x00\x00\x00\x00\x8c\x03EGP\x94.'),1,jetson2,MobileNet,0.6461538461538462,0.71878,0.823076923076923,0.8098070827125
266,266,1.0,0.5,6,0.1776108741760254,3,456,693,True,False,bytearray(b'\x80\x04\x95\x07\x00\x00\x00\x00\x00\x00\x00\x8c\x03EGP\x94.'),1,jetson2,MobileNet,0.6461538461538462,0.71878,0.823076923076923,0.8098070827125
267,267,1.0,0.5,7,0.13461756706237793,3,761,761,True,False,bytearray(b'\x80\x04\x95\x07\x00\x00\x00\x00\x00\x00\x00\x8c\x03EGP\x94.'),1,jetson2,MobileNet,0.6461538461538462,0.71878,0.823076923076923,0.8098070827125
268,268,1.0,0.5,8,0.12608075141906738,3,851,851,True,False,bytearray(b'\x80\x04\x95\x07\x00\x00\x00\x00\x00\x00\x00\x8c\x03EGP\x94.'),1,jetson2,MobileNet,0.6461538461538462,0.71878,0.823076923076923,0.8098070827125
269,269,1.0,0.5,9,0.11543035507202148,3,768,768,True,False,bytearray(b'\x80\x04\x95\x07\x00\x00\x00\x00\x00\x00\x00\x8c\x03EGP\x94.'),1,jetson2,MobileNet,0.6461538461538462,0.71878,0.823076923076923,0.8098070827125
270,270,1.0,0.5,0,0.20558977127075195,3,833,833,True,False,bytearray(b'\x80\x04\x95\x07\x00\x00\x00\x00\x00\x00\x00\x8c\x03AGP\x94.'),1,jetson2,MobileNet,0.6461538461538462,0.71878,0.823076923076923,0.8098070827125
271,271,1.0,0.5,1,0.22796368598937988,3,967,967,True,False,bytearray(b'\x80\x04\x95\x07\x00\x00\x00\x00\x00\x00\x00\x8c\x03AGP\x94.'),1,jetson2,MobileNet,0.6461538461538462,0.71878,0.823076923076923,0.8098070827125
272,272,1.0,0.5,2,0.2993154525756836,3,802,764,True,False,bytearray(b'\x80\x04\x95\x07\x00\x00\x00\x00\x00\x00\x00\x8c\x03AGP\x94.'),1,jetson2,MobileNet,0.6461538461538462,0.71878,0.823076923076923,0.8098070827125
273,273,1.0,0.5,3,0.1423654556274414,3,971,971,True,False,bytearray(b'\x80\x04\x95\x07\x00\x00\x00\x00\x00\x00\x00\x8c\x03AGP\x94.'),1,jetson2,MobileNet,0.6461538461538462,0.71878,0.823076923076923,0.8098070827125
274,274,1.0,0.5,4,0.1260356903076172,3,584,885,True,False,bytearray(b'\x80\x04\x95\x07\x00\x00\x00\x00\x00\x00\x00\x8c\x03AGP\x94.'),1,jetson2,MobileNet,0.6461538461538462,0.71878,0.823076923076923,0.8098070827125
275,275,1.0,0.5,5,0.14592862129211426,3,558,683,True,False,bytearray(b'\x80\x04\x95\x07\x00\x00\x00\x00\x00\x00\x00\x8c\x03AGP\x94.'),1,jetson2,MobileNet,0.6461538461538462,0.71878,0.823076923076923,0.8098070827125
276,276,1.0,0.5,6,0.25823187828063965,3,456,693,True,False,bytearray(b'\x80\x04\x95\x07\x00\x00\x00\x00\x00\x00\x00\x8c\x03AGP\x94.'),1,jetson2,MobileNet,0.6461538461538462,0.71878,0.823076923076923,0.8098070827125
277,277,1.0,0.5,7,0.2306203842163086,3,761,761,True,False,bytearray(b'\x80\x04\x95\x07\x00\x00\x00\x00\x00\x00\x00\x8c\x03AGP\x94.'),1,jetson2,MobileNet,0.6461538461538462,0.71878,0.823076923076923,0.8098070827125
278,278,1.0,0.5,8,0.13186192512512207,3,851,851,True,False,bytearray(b'\x80\x04\x95\x07\x00\x00\x00\x00\x00\x00\x00\x8c\x03AGP\x94.'),1,jetson2,MobileNet,0.6461538461538462,0.71878,0.823076923076923,0.8098070827125
279,279,1.0,0.5,9,0.12924575805664062,3,768,768,True,False,bytearray(b'\x80\x04\x95\x07\x00\x00\x00\x00\x00\x00\x00\x8c\x03AGP\x94.'),1,jetson2,MobileNet,0.6461538461538462,0.71878,0.823076923076923,0.8098070827125
280,280,1.0,0.5,0,0.2359464168548584,3,833,833,True,False,bytearray(b'\x80\x04\x95\x0c\x00\x00\x00\x00\x00\x00\x00\x8c\x08Knapsack\x94.'),1,jetson2,MobileNet,0.6461538461538462,0.71878,0.823076923076923,0.8098070827125
281,281,1.0,0.5,1,0.19207143783569336,3,967,967,True,False,bytearray(b'\x80\x04\x95\x0c\x00\x00\x00\x00\x00\x00\x00\x8c\x08Knapsack\x94.'),1,jetson2,MobileNet,0.6461538461538462,0.71878,0.823076923076923,0.8098070827125
282,282,1.0,0.5,2,0.1550455093383789,3,802,764,True,False,bytearray(b'\x80\x04\x95\x0c\x00\x00\x00\x00\x00\x00\x00\x8c\x08Knapsack\x94.'),1,jetson2,MobileNet,0.6461538461538462,0.71878,0.823076923076923,0.8098070827125
283,283,1.0,0.5,3,0.23669219017028809,3,971,971,True,False,bytearray(b'\x80\x04\x95\x0c\x00\x00\x00\x00\x00\x00\x00\x8c\x08Knapsack\x94.'),1,jetson2,MobileNet,0.6461538461538462,0.71878,0.823076923076923,0.8098070827125
284,284,1.0,0.5,4,0.13431644439697266,3,584,885,True,False,bytearray(b'\x80\x04\x95\x0c\x00\x00\x00\x00\x00\x00\x00\x8c\x08Knapsack\x94.'),1,jetson2,MobileNet,0.6461538461538462,0.71878,0.823076923076923,0.8098070827125
285,285,1.0,0.5,5,0.13083863258361816,3,558,683,True,False,bytearray(b'\x80\x04\x95\x0c\x00\x00\x00\x00\x00\x00\x00\x8c\x08Knapsack\x94.'),1,jetson2,MobileNet,0.6461538461538462,0.71878,0.823076923076923,0.8098070827125
286,286,1.0,0.5,6,0.15060758590698242,3,456,693,True,False,bytearray(b'\x80\x04\x95\x0c\x00\x00\x00\x00\x00\x00\x00\x8c\x08Knapsack\x94.'),1,jetson2,MobileNet,0.6461538461538462,0.71878,0.823076923076923,0.8098070827125
287,287,1.0,0.5,7,0.17368435859680176,3,761,761,True,False,bytearray(b'\x80\x04\x95\x0c\x00\x00\x00\x00\x00\x00\x00\x8c\x08Knapsack\x94.'),1,jetson2,MobileNet,0.6461538461538462,0.71878,0.823076923076923,0.8098070827125
288,288,1.0,0.5,8,0.14467811584472656,3,851,851,True,False,bytearray(b'\x80\x04\x95\x0c\x00\x00\x00\x00\x00\x00\x00\x8c\x08Knapsack\x94.'),1,jetson2,MobileNet,0.6461538461538462,0.71878,0.823076923076923,0.8098070827125
289,289,1.0,0.5,9,0.11008453369140625,3,768,768,True,False,bytearray(b'\x80\x04\x95\x0c\x00\x00\x00\x00\x00\x00\x00\x8c\x08Knapsack\x94.'),1,jetson2,MobileNet,0.6461538461538462,0.71878,0.823076923076923,0.8098070827125
290,290,1.0,0.5,0,0.21347451210021973,5,460,833,True,False,bytearray(b'\x80\x04\x95\n\x00\x00\x00\x00\x00\x00\x00\x8c\x06Random\x94.'),1,jetson2,SqueezeNet,0.6,0.58092,0.8,0.723631531590625
291,291,1.0,0.5,1,0.40726709365844727,2,969,967,True,False,bytearray(b'\x80\x04\x95\n\x00\x00\x00\x00\x00\x00\x00\x8c\x06Random\x94.'),1,jetson2,GoogLeNet,0.5333333333333333,0.69778,0.7666666666666666,0.7341957254281251
292,292,1.0,0.5,2,0.17723560333251953,4,802,764,True,False,bytearray(b'\x80\x04\x95\n\x00\x00\x00\x00\x00\x00\x00\x8c\x06Random\x94.'),1,jetson2,ResNet,0.7272727272727273,0.69758,0.8636363636363636,0.76534232088125
293,293,1.0,0.5,3,0.11839985847473145,3,971,971,True,False,bytearray(b'\x80\x04\x95\n\x00\x00\x00\x00\x00\x00\x00\x8c\x06Random\x94.'),1,jetson2,MobileNet,0.6461538461538462,0.71878,0.823076923076923,0.8098070827125
294,294,1.0,0.5,4,0.12549591064453125,3,584,885,True,False,bytearray(b'\x80\x04\x95\n\x00\x00\x00\x00\x00\x00\x00\x8c\x06Random\x94.'),1,jetson2,MobileNet,0.6461538461538462,0.71878,0.823076923076923,0.8098070827125
295,295,1.0,0.5,5,0.2237415313720703,5,558,683,True,False,bytearray(b'\x80\x04\x95\n\x00\x00\x00\x00\x00\x00\x00\x8c\x06Random\x94.'),1,jetson2,SqueezeNet,0.6,0.58092,0.8,0.723631531590625
296,296,1.0,0.5,6,0.17501091957092285,4,693,693,True,False,bytearray(b'\x80\x04\x95\n\x00\x00\x00\x00\x00\x00\x00\x8c\x06Random\x94.'),1,jetson2,ResNet,0.7272727272727273,0.69758,0.8636363636363636,0.76534232088125
297,297,1.0,0.5,7,0.1821002960205078,3,761,761,True,False,bytearray(b'\x80\x04\x95\n\x00\x00\x00\x00\x00\x00\x00\x8c\x06Random\x94.'),1,jetson2,MobileNet,0.6461538461538462,0.71878,0.823076923076923,0.8098070827125
298,298,1.0,0.5,8,0.242506742477417,4,851,851,True,False,bytearray(b'\x80\x04\x95\n\x00\x00\x00\x00\x00\x00\x00\x8c\x06Random\x94.'),1,jetson2,ResNet,0.7272727272727273,0.69758,0.8636363636363636,0.76534232088125
299,299,1.0,0.5,9,0.15826845169067383,3,768,768,True,False,bytearray(b'\x80\x04\x95\n\x00\x00\x00\x00\x00\x00\x00\x8c\x06Random\x94.'),1,jetson2,MobileNet,0.6461538461538462,0.71878,0.823076923076923,0.8098070827125
